code,name,city,level,hospitalAccredResult,teachingAccredResult,hospitalAccredYear,teachingAccredYear,hospitalAccredPeriod,teachingAccredPeriod,phone,address
1138020015,埔基醫療財團法人埔里基督教醫院,南投縣,區域醫院,醫院評鑑合格（區域醫院）,醫師及醫事人員類教學醫院評鑑合格,108,108,109/1/1-115/12/31,109/1/1-115/12/31,049-2912151,南投縣埔里鎮鐵山路1號
0138010027,衛生福利部南投醫院及其中興院區,南投縣,區域醫院,醫院評鑑合格（區域醫院）,醫事人員類（非醫師）教學醫院評鑑合格,108,112,109/1/1-115/12/31,113/1/1-118/12/31,049-2231150,南投縣南投市復興路478號
0938030016,佑民醫療社團法人佑民醫院,南投縣,地區醫院,醫院評鑑合格（地區醫院）,非教學醫院,108,-,109/1/1-115/12/31,-,049-2358151,南投縣草屯鎮太平路一段200號
1138010019,彰化基督教醫療財團法人南投基督教醫院,南投縣,地區醫院,醫院評鑑合格（地區醫院）,非教學醫院,112,-,113/1/1-118/12/31,-,049-2225535,南投縣南投市中興路870號
1538031114,惠和醫院,南投縣,地區醫院,醫院評鑑合格（地區醫院）,非教學醫院,113,-,114/1/1-119/12/31,-,049-2321188,南投縣草屯鎮平等街140號
1538030037,曾漢棋綜合醫院,南投縣,地區醫院,醫院評鑑合格（地區醫院）,非教學醫院,108,-,109/1/1-115/12/31,-,049-2314145,南投縣草屯鎮虎山路915號
1538041209,東華醫院,南投縣,地區醫院,醫院評鑑合格（地區醫院）,非教學醫院,114,-,115/1/1-120/12/31,-,049-2658949,南投縣竹山鎮集山路三段272巷16號
0938040012,竹山秀傳醫療社團法人竹山秀傳醫院,南投縣,地區醫院,醫院評鑑合格（地區醫院）,非教學醫院,113,-,114/1/1-119/12/31,-,049-2624266,南投縣竹山鎮集山路二段75號
0638020014,臺中榮民總醫院埔里分院,南投縣,地區醫院,醫院評鑑合格（地區醫院）,醫事人員類（非醫師）教學醫院評鑑合格,112,114,113/1/1-118/12/31,115/1/1-120/12/31,049-2990833；049-；2916041&291,南投縣埔里鎮蜈蚣里榮光路1號
1122010021,天主教中華聖母修女會醫療財團法人天主教聖馬爾定醫,嘉義市,區域醫院,醫院評鑑合格（區域醫院）,醫師及醫事人員類教學醫院評鑑合格,114,112,115/1/1-120/12/31,113/1/1-118/12/31,05-2756000,嘉義市東區短竹里大雅路二段565號、嘉義市東區民權路60號
1122010012,戴德森醫療財團法人嘉義基督教醫院,嘉義市,區域醫院,醫院評鑑合格（區域醫院）,醫師及醫事人員類教學醫院評鑑合格,113,113,114/1/1-119/12/31,114/1/1-119/12/31,05-2765041,嘉義市嘉義市東區中庄里忠孝路539號；東區後湖里保建街100號；東區頂庄里忠孝路642
0622020017,臺中榮民總醫院嘉義分院,嘉義市,區域醫院,醫院評鑑合格（區域醫院）,醫師及醫事人員類教學醫院評鑑合格,114,112,115/1/1-120/12/31,113/1/1-118/12/31,05-2359630,嘉義市西區劉厝里世賢路二段600號
1522021175,亞人社團法人盧亞人醫院,嘉義市,地區醫院,醫院評鑑合格（地區醫院）,非教學醫院,108,-,109/1/1-115/12/31,-,05-2248347,嘉義市西區民權路406號
0922020013,仁德醫療社團法人陳仁德醫院,嘉義市,地區醫院,醫院評鑑合格（地區醫院）,非教學醫院,112,-,113/1/1-118/12/31,-,05-2258279,嘉義市西區林森西路285號
0922020059,安心醫療社團法人安心醫院,嘉義市,地區醫院,醫院評鑑合格（地區醫院）,非教學醫院,112,-,113/1/1-118/12/31,-,05-2353100,嘉義市西區新民路88號
0922020022,慶昇醫療社團法人慶昇醫院,嘉義市,地區醫院,醫院評鑑合格（地區醫院）,非教學醫院,113,-,114/1/1-119/12/31,-,05-2229191,嘉義市西區新榮路339、339－1號
0122020517,衛生福利部嘉義醫院,嘉義市,地區醫院,醫院評鑑合格（地區醫院）,醫事人員類（非醫師）教學醫院評鑑合格,114,113,115/1/1-120/12/31,114/1/1-119/12/31,05-2319090,嘉義市西區北港路312號
1522011115,陽明醫院,嘉義市,地區醫院,醫院評鑑合格（地區醫院）,非教學醫院,112,-,113/1/1-118/12/31,-,05-2284567,嘉義市東區吳鳳北路252號
1140030012,佛教慈濟醫療財團法人大林慈濟醫院,嘉義縣,區域醫院,醫院評鑑合格（區域醫院－準醫學中心）,醫師及醫事人員類教學醫院評鑑合格,113,113,114/1/1-119/12/31,114/1/1-119/12/31,05-2648000,嘉義縣大林鎮平林里民生路2號
1140010510,長庚醫療財團法人嘉義長庚紀念醫院,嘉義縣,區域醫院,醫院評鑑合格（區域醫院）,醫師及醫事人員類教學醫院評鑑合格,114,114,115/1/1-120/12/31,115/1/1-120/12/31,05-3621000,嘉義縣朴子市仁和里長庚一路6號及嘉朴路西段8號
0640140012,臺中榮民總醫院灣橋分院,嘉義縣,地區醫院,醫院評鑑合格（地區醫院）,非教學醫院,113,-,114/1/1-119/12/31,-,05-2791072,嘉義縣竹崎鄉灣橋村石麻園38號
0140010028,衛生福利部朴子醫院,嘉義縣,地區醫院,醫院評鑑合格（地區醫院）,非教學醫院,112,-,113/1/1-118/12/31,-,05-3790600,嘉義縣朴子市永和里5鄰應菜埔42-50號
0111070010,衛生福利部基隆醫院,基隆市,區域醫院,醫院評鑑合格（地區醫院）,醫師及醫事人員類教學醫院評鑑合格,113,112,114/1/1-119/12/31,113/1/1-118/12/31,02-24292525,基隆市信義區信二路268號
1111060015,長庚醫療財團法人基隆長庚紀念醫院及其情人湖院區,基隆市,區域醫院,醫院評鑑合格（區域醫院）,醫師及醫事人員類教學醫院評鑑合格,113,113,114/1/1-119/12/31,114/1/1-119/12/31,02-24313131,基隆市安樂區麥金路222號、基隆市安樂區基金一路208巷200號
0511040010,三軍總醫院基隆分院附設民眾診療服務處,基隆市,地區醫院,醫院評鑑合格（地區醫院）,非教學醫院,112,-,113/1/1-118/12/31,-,02-24231735,基隆市仁愛區孝二路39號2樓
0211070012,基隆市立醫院,基隆市,地區醫院,醫院評鑑合格（地區醫院）,非教學醫院,113,-,114/1/1-119/12/31,-,02-24652141,基隆市信義區東信路282號
1511010068,新昆明醫院,基隆市,地區醫院,醫院評鑑合格（地區醫院）,非教學醫院,113,-,114/1/1-119/12/31,-,02-24268106,基隆市中正區中正路30號
1411030013,醫療財團法人臺灣區煤礦業基金會臺灣礦工醫院,基隆市,地區醫院,醫院評鑑合格（地區醫院）,非教學醫院,112,-,113/1/1-118/12/31,-,02-24579101,基隆市暖暖區源遠路29號
0434010518,國立陽明交通大學附設醫院及其新民院區,宜蘭縣,區域醫院,醫院評鑑合格（區域醫院）,醫師及醫事人員類教學醫院評鑑合格,112,112,113/1/1-118/12/31,113/1/1-118/12/31,03-9325192,宜蘭縣宜蘭市校舍路169號、新民路152號
1134020028,天主教靈醫會醫療財團法人羅東聖母醫院,宜蘭縣,區域醫院,醫院評鑑合格（區域醫院）,醫師及醫事人員類教學醫院評鑑合格,113,112,114/1/1-119/12/31,113/1/1-118/12/31,03-9544106,宜蘭縣羅東鎮中正南路160號
1134020019,醫療財團法人羅許基金會羅東博愛醫院,宜蘭縣,區域醫院,醫院評鑑合格（區域醫院）,醫師及醫事人員類教學醫院評鑑合格,114,112,115/1/1-120/12/31,113/1/1-118/12/31,03-9543131,宜蘭縣羅東鎮南昌街81、83號、站前南路61、63號
1134050026,天主教靈醫會醫療財團法人礁溪杏和醫院,宜蘭縣,地區醫院,醫院評鑑合格（地區醫院）,非教學醫院,112,-,113/1/1-118/12/31,-,03-9886996,宜蘭縣礁溪鄉礁溪路四段129號
1134010022,宜蘭仁愛醫療財團法人宜蘭仁愛醫院,宜蘭縣,地區醫院,醫院評鑑合格（地區醫院）,非教學醫院,112,-,113/1/1-118/12/31,-,03-9321888,宜蘭縣宜蘭市中山路二段260號
0634070018,臺北榮民總醫院員山分院,宜蘭縣,地區醫院,醫院評鑑合格（地區醫院）,醫事人員類（非醫師）教學醫院評鑑合格,114,113,115/1/1-120/12/31,114/1/1-119/12/31,03-9222141,宜蘭縣員山鄉榮光路386號
0634030014,臺北榮民總醫院蘇澳分院,宜蘭縣,地區醫院,醫院評鑑合格（地區醫院）,非教學醫院,114,-,115/1/1-120/12/31,-,03-9905106,宜蘭縣蘇澳鎮蘇濱路一段301號
0943010017,寶建醫療社團法人寶建醫院,屏東縣,區域醫院,醫院評鑑合格（區域醫院）,醫事人員類（非醫師）教學醫院評鑑合格,112,112,113/1/1-118/12/31,113/1/1-118/12/31,08-7665995,屏東市中山路119.123號
1143010012,屏基醫療財團法人屏東基督教醫院及其瑞光院區,屏東縣,區域醫院,醫院評鑑合格（區域醫院）,醫師及醫事人員類教學醫院評鑑合格,108,108,109/1/1-115/12/31,109/1/1-115/12/31,08-7363026,屏東縣屏東市大連路60號、屏東縣屏東市建豐路2巷113號
0643010011,屏東榮民總醫院,屏東縣,區域醫院,醫院評鑑合格（區域醫院）,醫師及醫事人員類教學醫院評鑑合格,114,112,115/1/1-120/12/31,113/1/1-118/12/31,08-7557885,屏東縣屏東市崇武里榮總東路1號
0143010011,衛生福利部屏東醫院,屏東縣,區域醫院,醫院評鑑合格（區域醫院）,醫事人員類（非醫師）教學醫院評鑑合格,108,113,109/1/1-115/12/31,114/1/1-119/12/31,08-7363011,屏東縣屏東市自由路270號
1343030018,輔英科技大學附設醫院,屏東縣,區域醫院,醫院評鑑合格（區域醫院）,醫事人員類（非醫師）教學醫院評鑑合格,114,114,115/1/1-120/12/31,115/1/1-120/12/31,08-8323146,屏東縣東港鎮中山路5號
0943010035,優生醫療社團法人優生醫院,屏東縣,地區醫院,醫院評鑑合格（地區醫院）,非教學醫院,113,-,114/1/1-119/12/31,-,08-7382222,屏東縣屏東市華山里瑞光路三段103號
0943040015,南門醫療社團法人南門醫院,屏東縣,地區醫院,醫院評鑑合格（地區醫院）,非教學醫院,112,-,113/1/1-118/12/31,-,08-8894568,屏東縣恆春鎮南門路10號
1543010109,國仁醫院,屏東縣,地區醫院,醫院評鑑合格（地區醫院）,非教學醫院,114,-,115/1/1-120/12/31,-,08-7223000,屏東縣屏東市民生東路12-2號
0543010019,國軍高雄總醫院屏東分院附設民眾診療服務處,屏東縣,地區醫院,醫院評鑑合格（地區醫院）,非教學醫院,113,-,114/1/1-119/12/31,-,08-7560756,屏東縣屏東市大湖路58巷22號
1543110033,大新醫院,屏東縣,地區醫院,醫院評鑑合格（地區醫院）,非教學醫院,108,-,109/1/1-115/12/31,-,08-7962033,屏東縣高樹鄉長榮村興中路208號1樓至3樓與興中路210號1樓
0943010026,安和醫療社團法人安和醫院,屏東縣,地區醫院,醫院評鑑合格（地區醫院）,非教學醫院,113,-,114/1/1-119/12/31,-,08-7651828,屏東縣屏東市崇蘭里自由路598號
0643130018,屏東榮民總醫院龍泉分院,屏東縣,地區醫院,醫院評鑑合格（地區醫院）,醫事人員類（非醫師）教學醫院評鑑合格,108,108,109/1/1-115/12/31,109/1/1-115/12/31,08-7704115,屏東縣內埔鄉龍潭村昭勝路安平一巷1號
0943010044,復興醫療社團法人復興醫院,屏東縣,地區醫院,醫院評鑑合格（地區醫院）,非教學醫院,112,-,113/1/1-118/12/31,-,08-7232323,屏東縣屏東市橋南里民生路147-3號及147-2號
1143040010,恆基醫療財團法人恆春基督教醫院,屏東縣,地區醫院,醫院評鑑合格（地區醫院）,非教學醫院,112,-,113/1/1-118/12/31,-,08-8892293,屏東縣恆春鎮山腳里恆西路21及21-1號
0943160012,枋寮醫療社團法人枋寮醫院,屏東縣,地區醫院,醫院評鑑合格（地區醫院）,非教學醫院,112,-,113/1/1-118/12/31,-,08-8789991,屏東縣枋寮鄉安樂村中山路139號(代表號)及枋寮鄉安樂村隆山路59號
1543010190,民眾醫院,屏東縣,地區醫院,醫院評鑑合格（地區醫院）,非教學醫院,112,-,113/1/1-118/12/31,-,08-7325455,屏東縣屏東市泰安里忠孝路120之1號
1543020105,茂隆骨科醫院,屏東縣,地區醫院,醫院評鑑合格（地區醫院）,非教學醫院,112,-,113/1/1-118/12/31,-,08-7801915,屏東縣潮州鎮朝昇路322號
0143040019,衛生福利部恆春旅遊醫院,屏東縣,地區醫院,醫院評鑑合格（地區醫院）,非教學醫院,112,-,113/1/1-118/12/31,-,08-8892704~5,屏東縣恆春鎮山腳里恆南路188號
1137010042,彰化基督教醫療財團法人彰化基督教兒童醫院,彰化縣,醫學中心,兒童醫院評鑑合格（醫學中心）,兒童教學醫院評鑑合格（醫學中心）,113,113,114/1/1-119/12/31,114/1/1-119/12/31,04-7238595,彰化縣彰化市光南里13鄰旭光路320號(地下1樓至地上11樓)
1137010024,彰化基督教醫療財團法人彰化基督教醫院,彰化縣,醫學中心,醫院評鑑優等（醫學中心）,醫師及醫事人員類教學醫院評鑑合格（醫學中心）,113,113,114/1/1-119/12/31,114/1/1-119/12/31,04-7238595,彰化縣彰化縣彰化市南校街135號、中華路176號、旭光路235、旭光路320號(地下2樓至地下5樓、地上12樓至地上14樓)
0937010019,秀傳醫療社團法人秀傳紀念醫院,彰化縣,區域醫院,醫院評鑑合格（區域醫院）,醫師及醫事人員類教學醫院評鑑合格,113,113,114/1/1-119/12/31,114/1/1-119/12/31,04-7256166,彰化縣彰化縣彰化市南瑤里中山路1段536、542號(醫療大樓)、彰化縣彰化市南瑤里南平
1137020511,秀傳醫療財團法人彰濱秀傳紀念醫院,彰化縣,區域醫院,醫院評鑑合格（區域醫院）,醫師及醫事人員類教學醫院評鑑合格,108,113,109/1/1-115/12/31,114/1/1-119/12/31,04-7813888,彰化縣鹿港鎮鹿工路6號、6-2號
0137170515,衛生福利部彰化醫院,彰化縣,區域醫院,醫院評鑑合格（區域醫院）,醫師及醫事人員類教學醫院評鑑合格,113,112,114/1/1-119/12/31,113/1/1-118/12/31,04-8298686,彰化縣埔心鄉中正路二段80號
1537070028,仁和醫院,彰化縣,地區醫院,醫院評鑑合格（地區醫院）,非教學醫院,112,-,113/1/1-118/12/31,-,04-8742108,彰化縣田中鎮中州路一段157號
1537100012,伸港忠孝醫院,彰化縣,地區醫院,醫院評鑑合格（地區醫院）,非教學醫院,108,-,109/1/1-115/12/31,-,04-7991618,彰化縣伸港鄉新港村忠孝路30號
1537010040,信生醫院,彰化縣,地區醫院,醫院評鑑合格（地區醫院）,非教學醫院,112,-,113/1/1-118/12/31,-,04-7251191,彰化縣彰化市三民路312號
1537010175,冠華醫院,彰化縣,地區醫院,醫院評鑑合格（地區醫院）,非教學醫院,113,-,114/1/1-119/12/31,-,04-7256067,彰化縣彰化市光復里中正路一段437號
1537040066,卓醫院,彰化縣,地區醫院,醫院評鑑合格（地區醫院）,非教學醫院,112,-,113/1/1-118/12/31,-,04-8882995,彰化縣北斗鎮中山路一段311號
1537050071,員林何醫院,彰化縣,地區醫院,醫院評鑑合格（地區醫院）,非教學醫院,112,-,113/1/1-118/12/31,-,04-8343838,彰化縣員林市民族街33號
0937050014,員榮醫療社團法人員榮醫院及其員生院區,彰化縣,地區醫院,醫院評鑑合格（地區醫院）,非教學醫院,113,-,114/1/1-119/12/31,-,04-8326161,彰化縣員林市中正路201號
0937050032,員郭醫療社團法人員郭醫院,彰化縣,地區醫院,醫院評鑑合格（地區醫院）,非教學醫院,108,-,109/1/1-115/12/31,-,04-8312889,彰化縣員林市南興里員林大道六段51號
1537081085,宋志懿醫院,彰化縣,地區醫院,醫院評鑑合格（地區醫院）,非教學醫院,113,-,114/1/1-119/12/31,-,04-8968707,彰化縣二林鎮大成路一段51號
1537051318,常春醫院,彰化縣,地區醫院,醫院評鑑合格（地區醫院）,非教學醫院,112,-,113/1/1-118/12/31,-,04-8376689,彰化縣員林市溝皂里員集路二段501號
1137080017,彰化基督教醫療財團法人二林基督教醫院,彰化縣,地區醫院,醫院評鑑合格（地區醫院）,醫師及醫事人員類教學醫院評鑑合格,108,108,109/1/1-115/12/31,109/1/1-115/12/31,04-8952031,彰化縣二林鎮南光里大成路一段558號、安和街40巷28號2樓
1137050019,彰化基督教醫療財團法人員林基督教醫院,彰化縣,地區醫院,醫院評鑑合格（地區醫院）,醫師及醫事人員類教學醫院評鑑合格,108,112,109/1/1-115/12/31,113/1/1-118/12/31,04-8381456,彰化縣員林市南平里莒光路456號
1137010051,彰化基督教醫療財團法人漢銘基督教醫院,彰化縣,地區醫院,醫院評鑑合格（地區醫院）,非教學醫院,108,-,109/1/1-115/12/31,-,04-7113456,彰化縣彰化市南興里中山路一段366號
1137020520,彰化基督教醫療財團法人鹿港基督教醫院及其長青院區,彰化縣,地區醫院,醫院評鑑合格（地區醫院）,醫師及醫事人員類教學醫院評鑑合格,114,114,115/1/1-120/12/31,115/1/1-120/12/31,04-7779595,彰化縣鹿港鎮中正路480號、彰化縣鹿港鎮鹿東路二段888號
0937050024,惠來醫療社團法人宏仁醫院,彰化縣,地區醫院,醫院評鑑合格（地區醫院）,非教學醫院,112,-,113/1/1-118/12/31,-,04-8375878,彰化縣員林市惠來里惠來街89號、91號
1537010219,成美醫院,彰化縣,地區醫院,醫院評鑑合格（地區醫院）,非教學醫院,112,-,113/1/1-118/12/31,-,04-7273127,彰化縣彰化市三民路56號、77號1-2樓
0937080012,洪宗鄰醫療社團法人洪宗鄰醫院,彰化縣,地區醫院,醫院評鑑合格（地區醫院）,非教學醫院,112,-,113/1/1-118/12/31,-,04-8967955,彰化縣二林鎮中正路61號
1537051274,皓生醫院,彰化縣,地區醫院,醫院評鑑合格（地區醫院）,非教學醫院,113,-,114/1/1-119/12/31,-,04-8379560,彰化縣員林市萬年路3段133號
0937030012,道周醫療社團法人道周醫院,彰化縣,地區醫院,醫院評鑑合格（地區醫院）,非教學醫院,113,-,114/1/1-119/12/31,-,04-7566995,彰化縣和美鎮和光路180號、和善路118號
1537061065,道安醫院,彰化縣,地區醫院,醫院評鑑合格（地區醫院）,非教學醫院,113,-,114/1/1-119/12/31,-,04-8852309,彰化縣溪湖鎮光平里彰水路三段362號
1537010237,順安醫院,彰化縣,地區醫院,醫院評鑑合格（地區醫院）,非教學醫院,112,-,113/1/1-118/12/31,-,04-7229889,彰化縣彰化市光復路53號
1131050515,佛教慈濟醫療財團法人台北慈濟醫院,新北市,醫學中心,醫院評鑑優等（醫學中心）,醫師及醫事人員類教學醫院評鑑合格（醫學中心）,112,112,113/1/1-118/12/31,113/1/1-118/12/31,02-66289779,新北市新店區建國路277號地上1、3、4樓及289號地下1至3樓至地上1至15樓
1131100010,台灣基督長老教會馬偕醫療財團法人淡水馬偕紀念醫院,新北市,醫學中心,醫院評鑑優等（醫學中心）,醫師及醫事人員類教學醫院評鑑合格（醫學中心）,112,112,113/1/1-118/12/31,113/1/1-118/12/31,02-25433535、；02-28094661,臺北市中山區中山北路二段92號、新北市淡水 區民生路四十五號、民權路47號B1~11樓
1131110516,國泰醫療財團法人汐止國泰綜合醫院,新北市,醫學中心,醫院評鑑優等（醫學中心）,醫師及醫事人員類教學醫院評鑑合格（醫學中心）,112,112,113/1/1-118/12/31,113/1/1-118/12/31,02-27082121、；02-26482121,臺北市大安區仁愛路四段266巷6號、280號、 新北市汐止區建成路59巷2號地下4樓至地上12 樓
1331040513,衛生福利部雙和醫院(委託臺北醫學大學興建經營),新北市,醫學中心,醫院評鑑優等（醫學中心）,醫師及醫事人員類教學醫院評鑑合格（醫學中心）,112,112,113/1/1-118/12/31,113/1/1-118/12/31,02-22490088,新北市中和區中正路291號醫療大樓地下2層至地上12層
1131010011,醫療財團法人徐元智先生醫藥基金會亞東紀念醫院,新北市,醫學中心,醫院評鑑優等（醫學中心）,醫師及醫事人員類教學醫院評鑑合格（醫學中心）,112,112,113/1/1-118/12/31,113/1/1-118/12/31,02-89667000,新北市板橋區南雅南路二段21號、高爾富路300號
1131110516,國泰醫療財團法人汐止國泰綜合醫院,新北市,區域醫院,醫院評鑑合格（區域醫院）,醫師及醫事人員類教學醫院評鑑合格,113,112,114/1/1-119/12/31,113/1/1-118/12/31,02-26482121,新北市汐止區建成路59巷2號地下4樓至地上12樓
1231050017,天主教耕莘醫療財團法人耕莘醫院,新北市,區域醫院,醫院評鑑合格（區域醫院）,醫師及醫事人員類教學醫院評鑑合格,114,113,115/1/1-120/12/31,114/1/1-119/12/31,02-22193391,新北市新店區中正路362號
1131130018,新北市立土城醫院(委託長庚醫療財團法人興建經營),新北市,區域醫院,醫院評鑑合格（區域醫院）,醫師及醫事人員類教學醫院評鑑合格,112,112,113/1/1-118/12/31,113/1/1-118/12/31,02-22630588,新北市土城區金城路2段6號
0131020016,新北市立聯合醫院及其板橋院區,新北市,區域醫院,醫院評鑑合格（區域醫院）,醫師及醫事人員類教學醫院評鑑合格,112,108,113/1/1-118/12/31,109/1/1-115/12/31,02-29829111,新北市三重區新北大道1段3號、3之1號
1131090019,行天宮醫療志業醫療財團法人恩主公醫院,新北市,區域醫院,醫院評鑑合格（區域醫院）,醫師及醫事人員類教學醫院評鑑合格,114,114,115/1/1-120/12/31,115/1/1-120/12/31,02-26723456,新北市三峽區復興路399號、中山路198、258號
0131060029,衛生福利部臺北醫院,新北市,區域醫院,醫院評鑑合格（區域醫院）,醫師及醫事人員類教學醫院評鑑合格,114,112,115/1/1-120/12/31,113/1/1-118/12/31,02-22765566,新北市新莊區思源路127號；長春街6號2樓、3樓
1331160010,輔仁大學學校財團法人輔仁大學附設醫院,新北市,區域醫院,醫院評鑑合格（區域醫院）,醫師及醫事人員類教學醫院評鑑合格,111,114,112/1/1-115/12/31,115/1/1-120/12/31,02-85128888,新北市泰山區貴子路69號(地下4層、地上1至11層及13層、15層)
1531021165,三重中興醫院,新北市,地區醫院,醫院評鑑合格（地區醫院）,非教學醫院,113,-,114/1/1-119/12/31,-,02-29959680,新北市三重區中興北街21號
1531040259,中祥醫院,新北市,地區醫院,醫院評鑑合格（地區醫院）,非教學醫院,114,-,115/1/1-120/12/31,-,02-22405055,新北市中和區中山路二段359巷2號1至2樓、4號2樓、6號2樓
0931010016,中英醫療社團法人中英醫院,新北市,地區醫院,醫院評鑑合格（地區醫院）,非教學醫院,112,-,113/1/1-118/12/31,-,02-22563584,新北市新北市板橋區文化路一段192之1號1樓、194號1至4樓、196號1至4樓、198號1至4
0931010025,中英醫療社團法人板英醫院,新北市,地區醫院,醫院評鑑合格（地區醫院）,非教學醫院,108,-,109/1/1-115/12/31,-,02-82513923,新北市板橋區文化路一段267、269、271號1-4樓
1531130105,仁安醫院,新北市,地區醫院,醫院評鑑合格（地區醫院）,非教學醫院,113,-,114/1/1-119/12/31,-,02-22627088,新北市土城區中央路1段62、64號1-5樓；中華路一段1號2-5樓、3號1-5樓
1531071030,仁愛醫院,新北市,地區醫院,醫院評鑑合格（地區醫院）,非教學醫院,108,-,109/1/1-115/12/31,-,02-26834567,新北市樹林區文化街9號(地下1、2樓及地上1樓-8樓)
1531131139,元復醫院,新北市,地區醫院,醫院評鑑合格（地區醫院）,非教學醫院,113,-,114/1/1-119/12/31,-,02-22661886,新北市土城區中央路二段318．320．322．324號1-4樓
1531021183,全民醫院,新北市,地區醫院,醫院評鑑合格（地區醫院）,非教學醫院,113,-,114/1/1-119/12/31,-,02-22821575,新北市三重區三和路四段103之2號、103之2號2樓、103之2號3樓
1531050077,同仁醫院,新北市,地區醫院,醫院評鑑合格（地區醫院）,非教學醫院,108,-,109/1/1-115/12/31,-,02-29170201,新北市新店區民權路89號
0431270012,國立臺灣大學醫學院附設醫院金山分院,新北市,地區醫院,醫院評鑑合格（地區醫院）,非教學醫院,112,-,113/1/1-118/12/31,-,02-24989898,新北市金山區五湖里玉爐路7號
1231030015,天主教耕莘醫療財團法人永和耕莘醫院,新北市,地區醫院,醫院評鑑合格（地區醫院）,醫師及醫事人員類教學醫院評鑑合格,114,113,115/1/1-120/12/31,114/1/1-119/12/31,02-29286060,新北市永和區中興街80號地下1樓至地上6樓及國光路123號地下3樓至地上11樓
1231050017,天主教耕莘醫療財團法人耕莘醫院安康院區,新北市,地區醫院,醫院評鑑合格（地區醫院）,醫事人員類（非醫師）教學醫院評鑑合格,114,113,115/1/1-120/12/31,114/1/1-119/12/31,02-22123066,新北市新店區車子路15號
1531021192,宏仁醫院,新北市,地區醫院,醫院評鑑合格（地區醫院）,非教學醫院,113,-,114/1/1-119/12/31,-,02-29788877,新北市三重區水漾路1段158號
1531130052,廣川醫院,新北市,地區醫院,醫院評鑑合格（地區醫院）,非教學醫院,112,-,113/1/1-118/12/31,-,02-22617000,新北市土城區裕民路274、276、278號
1531041390,怡和醫院,新北市,地區醫院,醫院評鑑合格（地區醫院）,非教學醫院,114,-,115/1/1-120/12/31,-,02-22450009,新北市中和區連城路49號1-4樓
1531131157,恩樺醫院,新北市,地區醫院,醫院評鑑合格（地區醫院）,非教學醫院,112,-,113/1/1-118/12/31,-,02-22639955,新北市土城區中央路一段7-18號地下1樓、1樓、2樓、4-10樓
0931060016,新仁醫療社團法人新仁醫院,新北市,地區醫院,醫院評鑑合格（地區醫院）,非教學醫院,112,-,113/1/1-118/12/31,-,02-22017212,新北市新莊區中正路395號、福海街24巷1號
1531051172,新北仁康醫院,新北市,地區醫院,醫院評鑑合格（地區醫院）,非教學醫院,114,-,115/1/1-120/12/31,-,02-22152345,新北市新店區安康路2段323號地上1至2樓(B棟)
1531061249,新泰綜合醫院,新北市,地區醫院,醫院評鑑合格（地區醫院）,非教學醫院,114,-,115/1/1-120/12/31,-,02-29962121,新北市新莊區新樹路176號
1531010082,板新醫院,新北市,地區醫院,醫院評鑑合格（地區醫院）,非教學醫院,112,-,113/1/1-118/12/31,-,02-29609955,新北市板橋區中正路189號
1531010279,板橋中興醫院及其海山院區,新北市,地區醫院,醫院評鑑合格（地區醫院）,非教學醫院,113,-,114/1/1-119/12/31,-,02-29590707,新北市板橋區忠孝路15號
1531011310,板橋國泰醫院,新北市,地區醫院,醫院評鑑合格（地區醫院）,非教學醫院,113,-,114/1/1-119/12/31,-,02-29583333,新北市板橋區忠孝路5、7、9、11號1-3樓
1531031278,永和復康醫院,新北市,地區醫院,醫院評鑑合格（地區醫院）,非教學醫院,112,-,113/1/1-118/12/31,-,02-29240925,新北市永和區中和路575、577、579號1-4樓
0931090014,永聖醫療社團法人文化醫院,新北市,地區醫院,醫院評鑑合格（地區醫院）,非教學醫院,114,-,115/1/1-120/12/31,-,02-26732885,新北市三峽區介壽路一段199號
1531091149,清福醫院,新北市,地區醫院,醫院評鑑合格（地區醫院）,非教學醫院,113,-,114/1/1-119/12/31,-,02-26739288,新北市三峽區介壽路一段286號2樓
1531120038,瑞芳礦工醫院,新北市,地區醫院,醫院評鑑合格（地區醫院）,非教學醫院,113,-,114/1/1-119/12/31,-,02-24974101,新北市瑞芳區一坑路71之2號
1531061230,益民醫院,新北市,地區醫院,醫院評鑑合格（地區醫院）,非教學醫院,113,-,114/1/1-119/12/31,-,02-89911050,新北市新莊區中港路127號1-4樓
1531061258,祥顥醫院,新北市,地區醫院,醫院評鑑合格（地區醫院）,非教學醫院,112,-,113/1/1-118/12/31,-,02-22798795,新北市新莊區思源路2號1、4、5、6樓
1531041363,蕙生醫院,新北市,地區醫院,醫院評鑑合格（地區醫院）,非教學醫院,108,-,109/1/1-115/12/31,-,02-22236339,新北市中和區中山路二段551號地下1樓至地上1至6樓
1531010108,蕭中正醫院,新北市,地區醫院,醫院評鑑合格（地區醫院）,非教學醫院,112,-,113/1/1-118/12/31,-,02-29685661,新北市板橋區南雅南路一段15號之1、17號、19號(1-4樓)
0131060010,衛生福利部樂生療養院,新北市,地區醫院,醫院評鑑合格（地區醫院）,醫師及醫事人員類教學醫院評鑑合格,113,113,114/1/1-119/12/31,114/1/1-119/12/31,02-82006600,新北市新莊區中正路794號；桃園市龜山區萬壽路一段50巷2號
1531051163,豐榮醫院,新北市,地區醫院,醫院評鑑合格（地區醫院）,非教學醫院,114,-,115/1/1-120/12/31,-,02-22122111,新北市新店區安德街26巷3號(B棟)
0412040012,國立臺灣大學醫學院附設醫院新竹臺大分院新竹醫院,新竹市,醫學中心,醫院評鑑優等（醫學中心）,醫師及醫事人員類教學醫院評鑑合格（醫學中心）,112,112,113/1/1-118/12/31,113/1/1-118/12/31,03-5326151,新竹市北區金華里經國路一段442巷25號
1112010519,台灣基督長老教會馬偕醫療財團法人新竹馬偕紀念醫院,新竹市,區域醫院,醫院評鑑合格（區域醫院）,醫師及醫事人員類教學醫院評鑑合格,112,112,113/1/1-118/12/31,113/1/1-118/12/31,03-6119595,新竹市東區光復里光復路二段690號
1112010537,新竹市立馬偕兒童醫院(委託台灣基督長老教會馬偕醫療財團法人興建經營),新竹市,區域醫院,醫院評鑑合格（區域醫院）,醫師及醫事人員類教學醫院評鑑合格,112,112,113/1/1-118/12/31,113/1/1-118/12/31,03-6119595,新竹市東區光復里光復路二段690號
1512011185,南門綜合醫院,新竹市,地區醫院,醫院評鑑合格（地區醫院）,非教學醫院,108,-,109/1/1-115/12/31,-,03-5261122,新竹市東區成功里林森路20號
1112010528,國泰醫療財團法人新竹國泰綜合醫院,新竹市,地區醫院,醫院評鑑合格（地區醫院）,醫師及醫事人員類教學醫院評鑑合格,113,112,114/1/1-119/12/31,113/1/1-118/12/31,03-5278999,新竹市東區福德里中華路二段678號及678號-1
0512040014,國軍桃園總醫院新竹分院附設民眾診療服務處,新竹市,地區醫院,醫院評鑑合格（地區醫院）,非教學醫院,108,-,109/1/1-115/12/31,-,03-5348181,新竹市北區武陵路3號
1512040051,新中興醫院,新竹市,地區醫院,醫院評鑑合格（地區醫院）,非教學醫院,113,-,114/1/1-119/12/31,-,03-5213163,新竹市北區興南街43號
1412040022,財團法人台灣省私立桃園仁愛之家附設新竹新生醫院,新竹市,地區醫院,醫院評鑑合格（地區醫院）,非教學醫院,113,-,114/1/1-119/12/31,-,03-5222637,新竹市北區興南里西門街120號
0433050018,國立臺灣大學醫學院附設醫院新竹臺大分院生醫醫院,新竹縣,區域醫院,醫院評鑑合格（區域醫院）,醫師及醫事人員類教學醫院評鑑合格,113,113,114/1/1-119/12/31,114/1/1-119/12/31,03-6677600,新竹縣竹北市生醫路一段2號
0933050018,東元醫療社團法人東元綜合醫院,新竹縣,區域醫院,醫院評鑑合格（區域醫院）,醫師及醫事人員類教學醫院評鑑合格,112,108,113/1/1-118/12/31,109/1/1-115/12/31,03-5527000,新竹縣竹北市縣政二路69號(竹北市光明九路9-1號牙科.精神科門診部)
1333050017,中國醫藥大學新竹附設醫院,新竹縣,地區醫院,醫院評鑑合格（地區醫院）,醫師及醫事人員類教學醫院評鑑合格,108,108,109/1/1-115/12/31,109/1/1-115/12/31,03-5580558,新竹縣竹北市興隆路一段199號
0433050018,國立臺灣大學醫學院附設醫院新竹臺大分院生醫醫院竹東院區,新竹縣,地區醫院,醫院評鑑合格（地區醫院）,非教學醫院,114,-,115/1/1-120/12/31,-,03-6677600,新竹縣竹東鎮至善路52號
1533051063,大安醫院,新竹縣,地區醫院,醫院評鑑合格（地區醫院）,非教學醫院,108,-,109/1/1-115/12/31,-,03-5557188,新竹縣竹北市博愛街318巷6號
1133060019,天主教仁慈醫療財團法人仁慈醫院,新竹縣,地區醫院,醫院評鑑合格（地區醫院）,醫事人員類（非醫師）教學醫院評鑑合格,114,113,115/1/1-120/12/31,114/1/1-119/12/31,03-5993500,新竹縣湖口鄉忠孝路29號
1533030028,林醫院,新竹縣,地區醫院,醫院評鑑合格（地區醫院）,非教學醫院,112,-,113/1/1-118/12/31,-,03-5962316,新竹縣竹東鎮東林路76號
1533030046,竹信醫院,新竹縣,地區醫院,醫院評鑑合格（地區醫院）,非教學醫院,108,-,109/1/1-115/12/31,-,03-5962998,新竹縣竹東鎮仁愛路196號
0933050036,竹北新仁醫療社團法人新仁醫院,新竹縣,地區醫院,醫院評鑑合格（地區醫院）,非教學醫院,108,-,109/1/1-115/12/31,-,03-5552039,新竹縣竹北市博愛街331號
0633030010,臺北榮民總醫院新竹分院,新竹縣,地區醫院,醫院評鑑合格（地區醫院）,醫事人員類（非醫師）教學醫院評鑑合格,112,108,113/1/1-118/12/31,109/1/1-115/12/31,03-5962134,新竹縣竹東鎮中豐路一段81號
1132070011,長庚醫療財團法人林口長庚紀念醫院,桃園市,醫學中心,醫院評鑑優等（醫學中心）,醫師及醫事人員類教學醫院評鑑合格（醫學中心）,112,112,113/1/1-118/12/31,113/1/1-118/12/31,02-27135211、；03-3281200,臺北市松山區敦化北路199號、197號、臺北市 松山區敦化北路199巷6號、桃園市龜山區公西 里復興街5號、5之7號、文化一路15號
0532090029,國軍桃園總醫院附設民眾診療服務處,桃園市,區域醫院,醫院評鑑合格（區域醫院）,醫師及醫事人員類教學醫院評鑑合格,112,112,113/1/1-118/12/31,113/1/1-118/12/31,03-479-9595,桃園市龍潭區中興路168號
0932020025,天成醫療社團法人天晟醫院,桃園市,區域醫院,醫院評鑑合格（區域醫院）,醫事人員類（非醫師）教學醫院評鑑合格,113,113,114/1/1-119/12/31,114/1/1-119/12/31,03-4629292,桃園市中壢區延平路155號
1532011154,敏盛綜合醫院,桃園市,區域醫院,醫院評鑑合格（區域醫院）,醫師及醫事人員類教學醫院評鑑合格,112,112,113/1/1-118/12/31,113/1/1-118/12/31,03-3179599,桃園市桃園區經國路168號、三民路三段106號
1132010024,沙爾德聖保祿修女會醫療財團法人聖保祿醫院,桃園市,區域醫院,醫院評鑑合格（區域醫院）,醫師及醫事人員類教學醫院評鑑合格,112,108,113/1/1-118/12/31,109/1/1-115/12/31,03-3613141,桃園市桃園區建新街123號
1532100049,聯新國際醫院,桃園市,區域醫院,醫院評鑑合格（區域醫院）,醫師及醫事人員類教學醫院評鑑合格,114,114,115/1/1-120/12/31,115/1/1-120/12/31,03-4941234,桃園市平鎮區廣泰路77號、桃園市平鎮區延平路二段430巷115號
0632010014,臺北榮民總醫院桃園分院,桃園市,區域醫院,醫院評鑑合格（區域醫院）,醫師及醫事人員類教學醫院評鑑合格,112,112,113/1/1-118/12/31,113/1/1-118/12/31,03-3384889,桃園市桃園區成功路三段100號
0132010014,衛生福利部桃園醫院,桃園市,區域醫院,醫院評鑑合格（區域醫院）,醫師及醫事人員類教學醫院評鑑合格,112,112,113/1/1-118/12/31,113/1/1-118/12/31,03-3699721,桃園市桃園區中山路1492號
1132071036,長庚醫療財團法人桃園長庚紀念醫院及其長青院區,桃園市,區域醫院,醫院評鑑合格（區域醫院）,醫師及醫事人員類教學醫院評鑑合格,114,113,115/1/1-115/12/31,114/1/1-119/12/31,03-3196200,桃園市龜山區舊路里頂湖路123、123-1號、桃園市龜山區舊路里東舊路坑26之8號
1532021338,中壢長榮醫院,桃園市,地區醫院,醫院評鑑合格（地區醫院）,非教學醫院,108,-,109/1/1-115/12/31,-,03-4631230,桃園市中壢區環中東路150號
1532021392,中美醫院,桃園市,地區醫院,醫院評鑑合格（地區醫院）,非教學醫院,113,-,114/1/1-119/12/31,-,03-4266222,桃園市中壢區中美路95號1-3樓(含1樓夾層)
1532061065,大園敏盛醫院,桃園市,地區醫院,醫院評鑑合格（地區醫院）,非教學醫院,112,-,113/1/1-118/12/31,-,03-3867521,桃園市大園區華中街2號
1532070019,大明醫院,桃園市,地區醫院,醫院評鑑合格（地區醫院）,非教學醫院,108,-,109/1/1-115/12/31,-,03-3202792,桃園市龜山區萬壽路二段964號、966號
1532040039,天成醫院,桃園市,地區醫院,醫院評鑑合格（地區醫院）,醫事人員類（非醫師）教學醫院評鑑合格,112,112,113/1/1-118/12/31,113/1/1-118/12/31,03- 4782350,桃園市楊梅區中山北路一段356號
1532021418,天祥醫院,桃園市,地區醫院,醫院評鑑合格（地區醫院）,非教學醫院,114,-,115/1/1-120/12/31,-,03-4951866,桃園市中壢區志廣路119號及正光街229號地下4樓至7樓
1532101108,宋俊宏婦幼醫院,桃園市,地區醫院,醫院評鑑合格（地區醫院）,非教學醫院,108,-,109/1/1-115/12/31,-,03-4020999,桃園市平鎮區民族路199號
0932020016,宏其醫療社團法人宏其婦幼醫院,桃園市,地區醫院,醫院評鑑合格（地區醫院）,非教學醫院,114,-,115/1/1-120/12/31,-,03-4618888,桃園市中壢區元化路223號
1532011163,德仁醫院,桃園市,地區醫院,醫院評鑑合格（地區醫院）,非教學醫院,114,-,115/1/1-120/12/31,-,03-3617985,桃園市桃園區桃鶯路245號
1532040066,怡仁綜合醫院,桃園市,地區醫院,醫院評鑑合格（地區醫院）,醫師及醫事人員類教學醫院評鑑合格,113,112,114/1/1-119/12/31,113/1/1-118/12/31,03-4855566,桃園市楊梅區楊新北路321巷30號
1532010013,振生醫院,桃園市,地區醫院,醫院評鑑合格（地區醫院）,非教學醫院,113,-,114/1/1-119/12/31,-,03-3356156,桃園市桃園區三民路二段288號
0932020034,新國民醫療社團法人新國民醫院,桃園市,地區醫院,醫院評鑑合格（地區醫院）,非教學醫院,112,-,113/1/1-118/12/31,-,03-4225180,桃園市中壢區復興路152號
1532100012,新永和醫院,桃園市,地區醫院,醫院評鑑合格（地區醫院）,非教學醫院,112,-,113/1/1-118/12/31,-,03-4220606,桃園市平鎮區延平路一段81號
1532011172,桃園秉坤婦幼醫院,桃園市,地區醫院,醫院評鑑合格（地區醫院）,非教學醫院,112,-,113/1/1-118/12/31,-,03-3709191,桃園市桃園區慈文路957號及959號（不含７樓至９樓）
1532020215,祐民醫院,桃園市,地區醫院,醫院評鑑合格（地區醫院）,非教學醫院,113,-,114/1/1-119/12/31,-,03-4915656,桃園中壢區民族路二段180號
1532101117,秉坤婦幼醫院,桃園市,地區醫院,醫院評鑑合格（地區醫院）,非教學醫院,108,-,109/1/1-115/12/31,-,03-4025866,桃園市平鎮區延平路二段129號
1532010120,聯新國際醫院桃新分院,桃園市,地區醫院,醫院評鑑合格（地區醫院）,非教學醫院,108,-,109/1/1-115/12/31,-,03-3325678,桃園市桃園區復興路195號、桃園市桃園區南海街7號
1532021365,華揚醫院,桃園市,地區醫院,醫院評鑑合格（地區醫院）,非教學醫院,114,-,115/1/1-120/12/31,-,03-4577200,桃園市中壢區中北路二段316號
0132110519,衛生福利部桃園醫院新屋分院,桃園市,地區醫院,醫院評鑑合格（地區醫院）,非教學醫院,114,-,115/1/1-120/12/31,-,03-4971989,桃園市桃園市新屋區新屋里14鄰新福二路六號
1532021374,長慎醫院,桃園市,地區醫院,醫院評鑑合格（地區醫院）,非教學醫院,108,-,109/1/1-115/12/31,-,03-4569779,桃園市中壢區中山東路二段525號1-2樓
1532101091,陽明醫院,桃園市,地區醫院,醫院評鑑合格（地區醫院）,非教學醫院,113,-,114/1/1-119/12/31,-,03-4929929,桃園市平鎮區延平路二段56號
1532091081,龍潭敏盛醫院,桃園市,地區醫院,醫院評鑑合格（地區醫院）,非教學醫院,113,-,114/1/1-119/12/31,-,03-4794151,桃園市龍潭區中豐路168號
0544010031,三軍總醫院澎湖分院附設民眾診療服務處,澎湖縣,地區醫院,醫院評鑑合格（地區醫院）,醫師及醫事人員類教學醫院評鑑合格,112,112,113/1/1-118/12/31,113/1/1-118/12/31,06-9211116,澎湖縣馬公市前寮里90號1-5樓
1144010016,天主教靈醫會醫療財團法人惠民醫院,澎湖縣,地區醫院,醫院評鑑合格（地區醫院）,非教學醫院,113,-,114/1/1-119/12/31,-,06-9272318,澎湖縣馬公市樹德路14號
0144010015,衛生福利部澎湖醫院及其安宅院區,澎湖縣,地區醫院,醫院評鑑合格（地區醫院）,非教學醫院,108,-,109/1/1-115/12/31,-,06-9261151,澎湖縣馬公市中正路10號、澎湖縣馬公市安宅里91-2號
1303260014,中國醫藥大學兒童醫院,臺中市,醫學中心,兒童醫院評鑑合格（醫學中心）,兒童教學醫院評鑑合格（醫學中心）,113,113,114/1/1-119/12/31,114/1/1-119/12/31,04-22052121,臺中市北區學士路95號(1樓至7樓)、學士路2號(1樓部分空間)、育德路1號(8樓部分空間)
1317050017,中國醫藥大學附設醫院,臺中市,醫學中心,醫院評鑑優等（醫學中心）,醫師及醫事人員類教學醫院評鑑合格（醫學中心）,113,113,114/1/1-119/12/31,114/1/1-119/12/31,04-22052121,臺中市北區育德路2號
1317040011,中山醫學大學附設醫院,臺中市,醫學中心,醫院評鑑優等（醫學中心）,醫師及醫事人員類教學醫院評鑑合格（醫學中心）,113,113,114/1/1-119/12/31,114/1/1-119/12/31,04-24739595,臺中市南區建國北路一段110號
0617060018,臺中榮民總醫院,臺中市,醫學中心,醫院評鑑優等（醫學中心）,醫師及醫事人員類教學醫院評鑑合格（醫學中心）,113,113,114/1/1-119/12/31,114/1/1-119/12/31,04-23592525,臺中市西屯區臺灣大道四段1650號
1303180011,亞洲大學附屬醫院,臺中市,區域醫院,醫院評鑑合格（區域醫院）,醫師及醫事人員類教學醫院評鑑合格,112,113,113/1/1-118/12/31,114/1/1-119/12/31,04-37061668,臺中市霧峰區福新路222號
1136200015,仁愛醫療財團法人大里仁愛醫院,臺中市,區域醫院,醫院評鑑合格（區域醫院）,醫師及醫事人員類教學醫院評鑑合格,108,113,109/1/1-115/12/31,114/1/1-119/12/31,04-24819900,臺中市大里區東榮路483號
1136090519,佛教慈濟醫療財團法人台中慈濟醫院,臺中市,區域醫院,醫院評鑑合格（區域醫院）,醫師及醫事人員類教學醫院評鑑合格,113,113,114/1/1-119/12/31,114/1/1-119/12/31,04-36060666,臺中市潭子區豐興路一段66號、88號
0936050029,光田醫療社團法人光田綜合醫院及其大甲院區,臺中市,區域醫院,醫院評鑑合格（區域醫院）,醫師及醫事人員類教學醫院評鑑合格,114,114,115/1/1-120/12/31,115/1/1-120/12/31,04-26625111,臺中市沙鹿區向上路七段127號及125號、沙田路117號（含大同街5-2號）、臺中市大甲區經國路321號
0536190011,國軍臺中總醫院附設民眾診療服務處,臺中市,區域醫院,醫院評鑑合格（區域醫院）,醫師及醫事人員類教學醫院評鑑合格,112,112,113/1/1-118/12/31,113/1/1-118/12/31,04-23934191,臺中市太平區中山路二段348號
0936030018,李綜合醫療社團法人大甲李綜合醫院,臺中市,區域醫院,醫院評鑑合格（區域醫院）,醫事人員類（非醫師）教學醫院評鑑合格,108,113,109/1/1-115/12/31,114/1/1-119/12/31,04-26862288,臺中市大甲區八德街2號
0917070029,林新醫療社團法人林新醫院,臺中市,區域醫院,醫院評鑑合格（區域醫院）,醫師及醫事人員類教學醫院評鑑合格,108,108,109/1/1-115/12/31,109/1/1-115/12/31,04-22586688,臺中市南屯區惠中路三段36號
1517011112,澄清綜合醫院,臺中市,區域醫院,醫院評鑑合格（區域醫院）,醫師及醫事人員類教學醫院評鑑合格,114,112,115/1/1-120/12/31,113/1/1-118/12/31,04-24632000,臺中市中區平等街139號
1517061032,澄清綜合醫院中港分院,臺中市,區域醫院,醫院評鑑合格（區域醫院）,醫師及醫事人員類教學醫院評鑑合格,114,114,115/1/1-120/12/31,115/1/1-120/12/31,04-24632000,臺中市西屯區臺灣大道4段966號
0936060016,童綜合醫療社團法人童綜合醫院及其沙鹿院區,臺中市,區域醫院,醫院評鑑合格（區域醫院）,醫師及醫事人員類教學醫院評鑑合格,113,113,114/1/1-119/12/31,114/1/1-119/12/31,04-26581919,臺中市梧棲區臺灣大道八段699號、臺中市沙鹿區成功西街8號
0117030010,衛生福利部臺中醫院,臺中市,區域醫院,醫院評鑑合格（區域醫院）,醫師及醫事人員類教學醫院評鑑合格,112,108,113/1/1-118/12/31,109/1/1-115/12/31,04-22294411,臺中市西區廣民里三民路1段199號
0136010010,衛生福利部豐原醫院,臺中市,區域醫院,醫院評鑑合格（區域醫院）,醫師及醫事人員類教學醫院評鑑合格,112,108,113/1/1-118/12/31,109/1/1-115/12/31,04-25271180,臺中市豐原區安康路100號
1317020519,中國醫藥大學附設醫院台中東區分院,臺中市,地區醫院,醫院評鑑合格（地區醫院）,非教學醫院,108,-,109/1/1-115/12/31,-,04-22121058,臺中市東區自由路三段296號
1317040039,中山醫學大學附設醫院中興分院,臺中市,地區醫院,醫院評鑑合格（地區醫院）,非教學醫院,114,-,115/1/1-120/12/31,-,04-22621652,臺中市南區復興路2段11號
1117010019,仁愛醫療財團法人台中仁愛醫院,臺中市,地區醫院,醫院評鑑合格（地區醫院）,非教學醫院,114,-,115/1/1-120/12/31,-,04-22255450,臺中市中區柳川東路三段36號
1517051107,勝美醫院,臺中市,地區醫院,醫院評鑑合格（地區醫院）,非教學醫院,108,-,109/1/1-115/12/31,-,04-22013333,臺中市北區五權路480、482號
1517081141,博愛外科醫院,臺中市,地區醫院,醫院評鑑合格（地區醫院）,非教學醫院,108,-,109/1/1-115/12/31,-,04-22954722,臺中市北屯區文心路三段431號
1517020040,台新醫院,臺中市,地區醫院,醫院評鑑合格（地區醫院）,非教學醫院,113,-,114/1/1-119/12/31,-,04-22139966,臺中市東區振興路439之2號、439之3號及441號
1503290043,君銓骨科醫院,臺中市,地區醫院,醫院評鑑合格（地區醫院）,非教學醫院,114,-,115/1/1-120/12/31,-,04-22558068,台中市北屯區太順五街35號
0517050010,國軍臺中總醫院中清分院附設民眾診療服務處,臺中市,地區醫院,醫院評鑑合格（地區醫院）,非教學醫院,108,-,109/1/1-115/12/31,-,04-22037320,臺中市北區忠明路500號
1517040015,宏恩醫院,臺中市,地區醫院,醫院評鑑合格（地區醫院）,非教學醫院,113,-,114/1/1-119/12/31,-,04-22623123,臺中市南區復興路二段38-13號、南平路31-2號1、2、3樓
1503290034,定國骨科醫院,臺中市,地區醫院,醫院評鑑合格（地區醫院）,非教學醫院,114,-,115/1/1-115/12/31,-,04-24263555,臺中市北屯區經貿三路二段125號
1536061114,忠港醫院,臺中市,地區醫院,醫院評鑑合格（地區醫院）,非教學醫院,112,-,113/1/1-118/12/31,-,04-26580298,臺中市梧棲區文化里中興路49號
1503010045,惠盛醫院,臺中市,地區醫院,醫院評鑑合格（地區醫院）,非教學醫院,112,-,113/1/1-118/12/31,-,04-25229100,臺中市豐原區中正路268號
1517050084,新亞東婦產科醫院,臺中市,地區醫院,醫院評鑑合格（地區醫院）,非教學醫院,113,-,114/1/1-119/12/31,-,04-22075779,臺中市北區中清路一段403號、407號1樓
1503190039,新太平澄清醫院,臺中市,地區醫院,醫院評鑑合格（地區醫院）,非教學醫院,114,-,115/1/1-120/12/31,-,04-22789900,臺中市太平區中興路100號
1536011276,新惠生醫院,臺中市,地區醫院,醫院評鑑合格（地區醫院）,非教學醫院,112,-,113/1/1-118/12/31,-,04-25228792,臺中市豐原區圓環北路一段319號
1536060037,明德醫院,臺中市,地區醫院,醫院評鑑合格（地區醫院）,非教學醫院,112,-,113/1/1-118/12/31,-,04-26579595,臺中市梧棲區仁美街33巷50號
1536181139,本堂澄清醫院,臺中市,地區醫院,醫院評鑑合格（地區醫院）,非教學醫院,108,-,109/1/1-115/12/31,-,04-23390000,臺中市霧峰區中正路718號
1436020013,東勢區農會附設農民醫院,臺中市,地區醫院,醫院評鑑合格（地區醫院）,非教學醫院,112,-,113/1/1-118/12/31,-,04-25771919,臺中市東勢區豐勢路297號
0903150014,林新醫療社團法人烏日林新醫院,臺中市,地區醫院,醫院評鑑合格（地區醫院）,醫事人員類（非醫師）教學醫院評鑑合格,113,113,114/1/1-119/12/31,114/1/1-119/12/31,04-23388766,臺中市烏日區榮和路168號
1517030055,林森醫院,臺中市,地區醫院,醫院評鑑合格（地區醫院）,非教學醫院,113,-,114/1/1-119/12/31,-,04-22227800,臺中市西區三民里三民路一段152之1號
0717070516,法務部矯正署臺中監獄附設培德醫院,臺中市,地區醫院,醫院評鑑合格（地區醫院）,非教學醫院,112,-,113/1/1-118/12/31,-,04-23891296,臺中市南屯區培德路9號
1536100081,清泉醫院,臺中市,地區醫院,醫院評鑑合格（地區醫院）,非教學醫院,114,-,115/1/1-120/12/31,-,04-25605600,臺中市大雅區三和里雅潭路四段80號
1503010036,漢忠醫院,臺中市,地區醫院,醫院評鑑合格（地區醫院）,非教學醫院,113,-,114/1/1-119/12/31,-,04-25222209,臺中市豐原區中正路218號、212巷1-1號
1503290016,澄清復健醫院,臺中市,地區醫院,醫院評鑑合格（地區醫院）,非教學醫院,112,-,113/1/1-118/12/31,-,04-24612366,臺中市西屯區敬德街8－1號
1536151042,烏日澄清醫院,臺中市,地區醫院,醫院評鑑合格（地區醫院）,非教學醫院,112,-,113/1/1-118/12/31,-,04-23376232,臺中市烏日區光明路419號
1536011294,祥恩醫院,臺中市,地區醫院,醫院評鑑合格（地區醫院）,非教學醫院,113,-,114/1/1-119/12/31,-,04-25255522,臺中市豐原市中興路35號
1517011103,第一醫院,臺中市,地區醫院,醫院評鑑合格（地區醫院）,非教學醫院,108,-,109/1/1-115/12/31,-,04-22221122,臺中市中區民族路184號
1517080019,聯安醫院,臺中市,地區醫院,醫院評鑑合格（地區醫院）,非教學醫院,112,-,113/1/1-118/12/31,-,04-22441995,臺中市北屯區東山路一段37號
1517021074,臺安醫院,臺中市,地區醫院,醫院評鑑合格（地區醫院）,非教學醫院,114,-,115/1/1-120/12/31,-,04-23602000,臺中市東區進化路203號
1503260018,臺安醫院雙十分院,臺中市,地區醫院,醫院評鑑合格（地區醫院）,非教學醫院,113,-,114/1/1-119/12/31,-,04-22268990,臺中市北區雙十路二段29號
1503290025,茂盛醫院,臺中市,地區醫院,醫院評鑑合格（地區醫院）,非教學醫院,112,-,113/1/1-118/12/31,-,04-22347057,臺中市北屯區昌平路一段30-6號（1樓至4樓）
1536010046,豐安醫院,臺中市,地區醫院,醫院評鑑合格（地區醫院）,非教學醫院,108,-,109/1/1-115/12/31,-,04-25231180,臺中市豐原區中正路115號
1536190076,賢德醫院及其樹孝院區,臺中市,地區醫院,醫院評鑑合格（地區醫院）,非教學醫院,112,-,113/1/1-118/12/31,-,04-22732551,臺中市太平區宜昌路420號、臺中市太平區樹孝路36號
1536200022,達明眼科醫院,臺中市,地區醫院,醫院評鑑合格（地區醫院）,非教學醫院,112,-,113/1/1-118/12/31,-,04-24851437,臺中市大里區中興路二段490號
1103280012,醫療財團法人正德癌症醫療基金會佛教正德醫院,臺中市,地區醫院,醫院評鑑合格（地區醫院）,非教學醫院,112,-,113/1/1-118/12/31,-,04-37026588,臺中市南屯區文心南五路三段100號
1503190020,長安醫院,臺中市,地區醫院,醫院評鑑合格（地區醫院）,非教學醫院,112,-,113/1/1-118/12/31,-,04-36113611,臺中市太平區永平路1段9號
1503200012,霧峰澄清醫院,臺中市,地區醫院,醫院評鑑合格（地區醫院）,非教學醫院,113,-,114/1/1-119/12/31,-,04-24922000,臺中市大里區成功路55號
1503030010,順安醫院,臺中市,地區醫院,醫院評鑑合格（地區醫院）,非教學醫院,112,-,113/1/1-118/12/31,-,04-26862328,臺中市大甲區光明路6號
0501110514,三軍總醫院附設民眾診療服務處及其汀州院區,臺北市,醫學中心,醫院評鑑優等（醫學中心）,醫師及醫事人員類教學醫院評鑑合格（醫學中心）,112,112,113/1/1-118/12/31,113/1/1-118/12/31,02-87923311,臺北市內湖區成功路二段325號、臺北市中正區汀州路3段40號
1101100020,台灣基督長老教會馬偕醫療財團法人馬偕兒童醫院,臺北市,醫學中心,兒童醫院評鑑合格（醫學中心）,兒童教學醫院評鑑合格（醫學中心）,112,112,113/1/1-118/12/31,113/1/1-118/12/31,02-25433535,臺北市中山區中山北路2段92號
1101100011,台灣基督長老教會馬偕醫療財團法人馬偕紀念醫院,臺北市,醫學中心,醫院評鑑優等（醫學中心）,醫師及醫事人員類教學醫院評鑑合格（醫學中心）,112,112,113/1/1-118/12/31,113/1/1-118/12/31,02-25433535、；02-28094661,臺北市中山區中山北路二段92號、新北市淡水區民生路四十五號、民權路47號B1~11樓
1101020018,國泰醫療財團法人國泰綜合醫院,臺北市,醫學中心,醫院評鑑優等（醫學中心）,醫師及醫事人員類教學醫院評鑑合格（醫學中心）,112,112,113/1/1-118/12/31,113/1/1-118/12/31,02-27082121、；02-26482121,臺北市大安區仁愛路四段266巷6號、280號、新北市汐止區建成路59巷2號地下4樓至地上12樓
0401180014,國立台灣大學醫學院附設醫院,臺北市,醫學中心,醫院評鑑優等（醫學中心）,醫師及醫事人員類教學醫院評鑑合格（醫學中心）,112,112,113/1/1-118/12/31,113/1/1-118/12/31,02-23123456,臺北市中正區中山南路7、8號；常德街1號
0401180023,國立臺灣大學醫學院附設醫院兒童醫院,臺北市,醫學中心,兒童醫院評鑑合格（醫學中心）,兒童教學醫院評鑑合格（醫學中心）,112,112,113/1/1-118/12/31,113/1/1-118/12/31,02-23123456,臺北市中正區中山南路8號
1101150011,新光醫療財團法人新光吳火獅紀念醫院,臺北市,醫學中心,醫院評鑑優等（醫學中心）,醫師及醫事人員類教學醫院評鑑合格（醫學中心）,112,112,113/1/1-118/12/31,113/1/1-118/12/31,02-28332211,臺北市士林區文昌路95號及士商路51號、51號2樓、51號3樓、51號4樓、51號5樓、51號6
1301200010,臺北市立萬芳醫院-委託臺北醫學大學辦理,臺北市,醫學中心,醫院評鑑優等（醫學中心）,醫師及醫事人員類教學醫院評鑑合格（醫學中心）,112,112,113/1/1-118/12/31,113/1/1-118/12/31,02-29307930,臺北市文山區興隆路三段111號
0601160016,臺北榮民總醫院,臺北市,醫學中心,醫院評鑑優等（醫學中心）,醫師及醫事人員類教學醫院評鑑合格（醫學中心）,112,112,113/1/1-118/12/31,113/1/1-118/12/31,02-28712121,臺北市北投區石牌路二段201號、322號
1101010012,長庚醫療財團法人台北長庚紀念醫院,臺北市,醫學中心,醫院評鑑優等（醫學中心）,醫師及醫事人員類教學醫院評鑑合格（醫學中心）,112,112,113/1/1-118/12/31,113/1/1-118/12/31,02-27135211、；03-3281200,臺北市松山區敦化北路199號、197號、臺北市松山區敦化北路199巷6號、桃園市龜山區公西里復興街5號、5之7號、文化一路15號
0501010019,三軍總醫院松山分院附設民眾診療服務處,臺北市,區域醫院,醫院評鑑合格（區域醫院）,醫師及醫事人員類教學醫院評鑑合格,108,113,109/1/1-115/12/31,114/1/1-119/12/31,02-27642151,臺北市松山區健康路131號
0401020013,國立臺灣大學醫學院附設醫院癌醫中心分院,臺北市,區域醫院,醫院評鑑合格（區域醫院）,醫師及醫事人員類教學醫院評鑑合格,112,112,113/1/1-118/12/31,113/1/1-118/12/31,02-23220322,臺北市大安區基隆路 3段155巷57號
1101010021,基督復臨安息日會醫療財團法人臺安醫院,臺北市,區域醫院,醫院評鑑合格（區域醫院）,醫師及醫事人員類教學醫院評鑑合格,113,112,114/1/1-119/12/31,113/1/1-118/12/31,02-27718151,臺北市松山區八德路二段424、426號
1101160017,振興醫療財團法人振興醫院,臺北市,區域醫院,醫院評鑑合格（區域醫院）,醫師及醫事人員類教學醫院評鑑合格,114,112,115/1/1-120/12/31,113/1/1-118/12/31,02-28264400,臺北市北投區振興街45號
0101090517,臺北市立聯合醫院中興院區,臺北市,區域醫院,醫院評鑑合格（區域醫院）,醫師及醫事人員類教學醫院評鑑合格,114,114,115/1/1-120/12/31,115/1/1-120/12/31,02-25523234,臺北市大同區鄭州路145號
0101090517,臺北市立聯合醫院仁愛院區,臺北市,區域醫院,醫院評鑑合格（區域醫院）,醫師及醫事人員類教學醫院評鑑合格,108,108,109/1/1-115/12/31,109/1/1-115/12/31,02-27093600,臺北市大安區仁愛路四段10號
0101090517,臺北市立聯合醫院和平婦幼院區及其婦幼院區,臺北市,區域醫院,醫院評鑑合格（區域醫院）,醫師及醫事人員類教學醫院評鑑合格,108,108,109/1/1-115/12/31,109/1/1-115/12/31,02-23889595,臺北市中正區中華路二段33號、臺北市中正區福州街12號
0101090517,臺北市立聯合醫院忠孝院區,臺北市,區域醫院,醫院評鑑合格（區域醫院）,醫師及醫事人員類教學醫院評鑑合格,113,113,114/1/1-119/12/31,114/1/1-119/12/31,02-27861288,臺北市南港區同德路87號
0101090517,臺北市立聯合醫院陽明院區,臺北市,區域醫院,醫院評鑑合格（區域醫院）,醫師及醫事人員類教學醫院評鑑合格,112,112,113/1/1-118/12/31,113/1/1-118/12/31,02-28353456,臺北市士林區雨聲街105號
1301170017,臺北醫學大學附設醫院,臺北市,區域醫院,醫院評鑑合格（區域醫院－準醫學中心）,醫師及醫事人員類教學醫院評鑑合格,112,112,113/1/1-118/12/31,113/1/1-118/12/31,02-27372181,臺北市信義區吳興街252號、250號
1101160026,醫療財團法人辜公亮基金會和信治癌中心醫院,臺北市,區域醫院,醫院評鑑合格（區域醫院）,醫師及醫事人員類教學醫院評鑑合格,108,113,109/1/1-115/12/31,114/1/1-119/12/31,02-28970011,臺北市北投區立德路125號
1301110511,中國醫藥大學附設醫院臺北分院,臺北市,地區醫院,醫院評鑑合格（地區醫院）,非教學醫院,113,-,114/1/1-119/12/31,-,02-27919696,臺北市內湖區內湖路二段360號、362號
0901020013,中山醫療社團法人中山醫院,臺北市,地區醫院,醫院評鑑合格（地區醫院）,非教學醫院,113,-,114/1/1-119/12/31,-,02-27081166,臺北市大安區仁愛路四段112巷11號
1101020027,中心診所醫療財團法人中心綜合醫院,臺北市,地區醫院,醫院評鑑合格（地區醫院）,非教學醫院,108,-,109/1/1-115/12/31,-,02-27510221,臺北市大安區忠孝東路四段77號
1501100037,協和婦女醫院,臺北市,地區醫院,醫院評鑑合格（地區醫院）,非教學醫院,113,-,114/1/1-119/12/31,-,02-25072222,臺北市中山區松江路85巷5號1-4樓、93巷6號1、2、4樓
1501010010,博仁綜合醫院,臺北市,地區醫院,醫院評鑑合格（地區醫院）,醫師及醫事人員類教學醫院評鑑合格,108,112,109/1/1-115/12/31,113/1/1-118/12/31,02-25786677,臺北市臺北市松山區光復北路66號、68號地下一層、68號、68號2至7樓、68號2樓之1至7樓之1、68號2樓之2至7樓之2
0401190010,國立臺灣大學醫學院附設醫院北護分院,臺北市,地區醫院,醫院評鑑合格（地區醫院）,非教學醫院,108,-,109/1/1-115/12/31,-,02-23717101,臺北市臺北市萬華區康定路３７號、臺北市萬華區內江街87號、臺北市萬華區內江街87
1101020036,宏恩醫療財團法人宏恩綜合醫院,臺北市,地區醫院,醫院評鑑合格（地區醫院）,非教學醫院,112,-,113/1/1-118/12/31,-,02-27713161,臺北市大安區仁愛路4段71巷1號及4段61號、91巷16號
1101110026,康寧醫療財團法人康寧醫院,臺北市,地區醫院,醫院評鑑合格（地區醫院）,非教學醫院,112,-,113/1/1-118/12/31,-,02-26345500,臺北市內湖區成功路五段420巷26號
1501201020,景美醫院,臺北市,地區醫院,醫院評鑑合格（地區醫院）,非教學醫院,112,-,113/1/1-118/12/31,-,02-29331010,臺北市文山區羅斯福路六段280號、文山區育英街2巷18號、文山區羅斯福路六段276巷1號1樓、文山區萬慶街18號1樓。
1501021219,秀傳醫院,臺北市,地區醫院,醫院評鑑合格（地區醫院）,非教學醫院,114,-,115/1/1-120/12/31,-,02-27717172,臺北市大安區光復南路116巷1、3、5號1-4樓及地下1樓
1501160042,臺北市北投健康管理醫院,臺北市,地區醫院,醫院評鑑合格（地區醫院）,非教學醫院,112,-,113/1/1-118/12/31,-,02-28988686,臺北市北投區中和街2號
0101090517,臺北市立聯合醫院林森中醫昆明院區,臺北市,地區醫院,醫院評鑑合格（地區醫院）,非教學醫院,113,-,114/1/1-119/12/31,-,02-25916681,臺北市中山區林森北路530號
0701160518,臺北市立關渡醫院─委託臺北榮民總醫院經營,臺北市,地區醫院,醫院評鑑合格（地區醫院）,非教學醫院,112,-,113/1/1-118/12/31,-,02-28587000,臺北市北投區知行路225巷12號
0901190010,西園醫療社團法人西園醫院,臺北市,地區醫院,醫院評鑑合格（地區醫院）,醫事人員類（非醫師）教學醫院評鑑合格,114,114,115/1/1-120/12/31,115/1/1-120/12/31,02-23076968,臺北市萬華區西園路二段266、268、270、272、276號、185、187、189號
1401190011,財團法人台灣省私立台北仁濟院附設仁濟醫院,臺北市,地區醫院,醫院評鑑合格（地區醫院）,非教學醫院,113,-,114/1/1-119/12/31,-,02-23021133,臺北市萬華區廣州街200、243號
0901180023,郵政醫院（委託中英醫療社團法人經營）,臺北市,地區醫院,醫院評鑑合格（地區醫院）,非教學醫院,108,-,109/1/1-115/12/31,-,02-23956755,臺北市中正區福州街14號
0421040011,國立成功大學醫學院附設醫院,臺南市,醫學中心,醫院評鑑優等（醫學中心）,醫師及醫事人員類教學醫院評鑑合格（醫學中心）,113,113,114/1/1-119/12/31,114/1/1-119/12/31,06-2353535,臺南市北區勝利路138號
1141310019,奇美醫療財團法人奇美醫院及其樹林院區,臺南市,醫學中心,醫院評鑑優等（醫學中心）,醫師及醫事人員類教學醫院評鑑合格（醫學中心）,113,113,114/1/1-119/12/31,114/1/1-119/12/31,06-2812811,臺南市永康區中華路901號、臺南市南區樹林街二段442號
0905320023,台南市立醫院(委託秀傳醫療社團法人經營),臺南市,區域醫院,醫院評鑑合格（區域醫院）,醫師及醫事人員類教學醫院評鑑合格,112,112,113/1/1-118/12/31,113/1/1-118/12/31,06-2609926,臺南市東區崇德路670號
1121010018,台灣基督長老教會新樓醫療財團法人台南新樓醫院,臺南市,區域醫院,醫院評鑑合格（區域醫院）,醫師及醫事人員類教學醫院評鑑合格,113,112,114/1/1-119/12/31,113/1/1-118/12/31,06-2748316,臺南市東區東門路一段57號
1141090512,奇美醫療財團法人柳營奇美醫院,臺南市,區域醫院,醫院評鑑合格（區域醫院）,醫師及醫事人員類教學醫院評鑑合格,112,112,113/1/1-118/12/31,113/1/1-118/12/31,06-6226999,臺南市柳營區太康里201號
1305370013,臺南市立安南醫院-委託中國醫藥大學興建經營,臺南市,區域醫院,醫院評鑑合格（區域醫院）,醫師及醫事人員類教學醫院評鑑合格,114,114,115/1/1-120/12/31,115/1/1-120/12/31,06-3553111,臺南市安南區長和路二段66號
0121050011,衛生福利部臺南醫院,臺南市,區域醫院,醫院評鑑合格（區域醫院）,醫師及醫事人員類教學醫院評鑑合格,108,113,109/1/1-115/12/31,114/1/1-119/12/31,06-2200055,臺南市中區中山路125號
0905320014,仁愛醫療社團法人仁愛醫院,臺南市,地區醫院,醫院評鑑合格（地區醫院）,非教學醫院,112,-,113/1/1-118/12/31,-,06-2213111,臺南市東區北門路1段10號及北門路1段30巷16號
1521051179,仁村醫院,臺南市,地區醫院,醫院評鑑合格（地區醫院）,非教學醫院,112,-,113/1/1-118/12/31,-,06-2152607,臺南市中西區西門路一段486號1-4樓、488號1樓及中西區府緯街63號1-3樓
1541011162,信一骨科醫院,臺南市,地區醫院,醫院評鑑合格（地區醫院）,非教學醫院,112,-,113/1/1-118/12/31,-,06-6350035,臺南市新營區民生路43之26號
1105040016,台灣基督長老教會新樓醫療財團法人麻豆新樓醫院,臺南市,地區醫院,醫院評鑑合格（地區醫院）,醫師及醫事人員類教學醫院評鑑合格,112,112,113/1/1-118/12/31,113/1/1-118/12/31,06-5702228,臺南市臺南市麻豆區麻佳路一段207號
0905290020,吉安醫療社團法人吉安醫院,臺南市,地區醫院,醫院評鑑合格（地區醫院）,非教學醫院,112,-,113/1/1-118/12/31,-,06-6025115,臺南市關廟區花園里中正路435號1、2樓
1505340019,大安婦幼醫院,臺南市,地區醫院,醫院評鑑合格（地區醫院）,非教學醫院,113,-,114/1/1-119/12/31,-,06-2278899,臺南市中西區金華路三段167號1、2、3、4樓
1105050012,奇美醫療財團法人佳里奇美醫院,臺南市,地區醫院,醫院評鑑合格（地區醫院）,醫師及醫事人員類教學醫院評鑑合格,112,112,113/1/1-118/12/31,113/1/1-118/12/31,06-7263333,臺南市佳里區佳興里佳里興606號
1541070045,宏科醫院,臺南市,地區醫院,醫院評鑑合格（地區醫院）,非教學醫院,114,-,115/1/1-120/12/31,-,06-5818868,臺南市善化區三民路1-35號
1521040050,志誠醫院,臺南市,地區醫院,醫院評鑑合格（地區醫院）,非教學醫院,112,-,113/1/1-118/12/31,-,06-2210423,臺南市北區興南里公園路315之1號
0941010019,新興醫療社團法人新興醫院,臺南市,地區醫院,醫院評鑑合格（地區醫院）,非教學醫院,113,-,114/1/1-119/12/31,-,06-6330011,臺南市新營區中興路10號
1521051160,永和醫院,臺南市,地區醫院,醫院評鑑合格（地區醫院）,非教學醫院,108,-,109/1/1-115/12/31,-,06-2231191,臺南市中區府前路一段304巷2號
1521050010,永川醫院,臺南市,地區醫院,醫院評鑑合格（地區醫院）,非教學醫院,112,-,113/1/1-118/12/31,-,06-2245771,臺南市中西區成功路169號
0941310014,永達醫療社團法人永達醫院,臺南市,地區醫院,醫院評鑑合格（地區醫院）,非教學醫院,113,-,114/1/1-119/12/31,-,06-2311111,臺南市永康區永大路二段1326號
1521030081,洪外科醫院,臺南市,地區醫院,醫院評鑑合格（地區醫院）,非教學醫院,112,-,113/1/1-118/12/31,-,06-2240011,臺南市中西區民生路二段60號
1541011126,營新醫院,臺南市,地區醫院,醫院評鑑合格（地區醫院）,非教學醫院,108,-,109/1/1-115/12/31,-,06-6592592；06-6592345,臺南市新營區隋唐街228號
1505310011,璟馨婦幼醫院,臺南市,地區醫院,醫院評鑑合格（地區醫院）,非教學醫院,112,-,113/1/1-118/12/31,-,06-3023366,臺南市永康區東橋里東橋七路198號
0141010013,衛生福利部新營醫院,臺南市,地區醫院,醫院評鑑合格（地區醫院）,非教學醫院,112,-,113/1/1-118/12/31,-,06-6351131,臺南市新營區信義街73號
0141270019,衛生福利部胸腔病院,臺南市,地區醫院,醫院評鑑合格（地區醫院）,醫師及醫事人員類教學醫院評鑑合格,114,113,115/1/1-120/12/31,114/1/1-119/12/31,06-2705911,臺南市仁德區中山路864號
0141060513,衛生福利部臺南醫院新化分院,臺南市,地區醫院,醫院評鑑合格（地區醫院）,非教學醫院,113,-,114/1/1-119/12/31,-,06-5911929,臺南市新化區那拔里牧場72號
1521031104,郭綜合醫院,臺南市,地區醫院,醫院評鑑合格（地區醫院）,醫師及醫事人員類教學醫院評鑑合格,114,114,115/1/1-115/12/31,115/1/1-120/12/31,06-2221111,臺南市中西區民生路2段6.8.10.12.14.18.20.22.23.24.25.27.44號及40、42號1、2樓
1521041137,開元寺慈愛醫院,臺南市,地區醫院,醫院評鑑合格（地區醫院）,非教學醫院,114,-,115/1/1-115/12/31,-,06-2384111,臺南市北區北園街89-1號
1505350015,陳澤彥婦產科醫院,臺南市,地區醫院,醫院評鑑合格（地區醫院）,非教學醫院,114,-,115/1/1-120/12/31,-,06-3505000,臺南市北區中華北路二段101號1、2、3樓
0641310018,高雄榮民總醫院臺南分院,臺南市,地區醫院,醫院評鑑合格（地區醫院）,醫事人員類（非醫師）教學醫院評鑑合格,113,113,114/1/1-119/12/31,114/1/1-119/12/31,06-3125101,臺南市永康區復興路427號
1146010014,台灣基督長老教會馬偕醫療財團法人台東馬偕紀念醫院,臺東縣,區域醫院,醫院評鑑合格（區域醫院）,醫師及醫事人員類教學醫院評鑑合格,108,108,109/1/1-115/12/31,109/1/1-115/12/31,089-310150,臺東縣臺東市長沙街303巷1號
1146030516,佛教慈濟醫療財團法人關山慈濟醫院,臺東縣,地區醫院,醫院評鑑合格（地區醫院）,非教學醫院,108,-,109/1/1-115/12/31,-,089-814880,臺東縣關山鎮和平路125之5號
1146010041,天主教花蓮教區醫療財團法人台東聖母醫院,臺東縣,地區醫院,醫院評鑑合格（地區醫院）,非教學醫院,112,-,113/1/1-118/12/31,-,089-322833,臺東縣台東市民族里21鄰杭州街2號
1146010032,東基醫療財團法人台東基督教醫院,臺東縣,地區醫院,醫院評鑑合格（地區醫院）,醫事人員類（非醫師）教學醫院評鑑合格,108,108,109/1/1-115/12/31,109/1/1-115/12/31,089-960888,臺東縣臺東市開封街350號
0646010013,臺北榮民總醫院臺東分院及其勝利院區,臺東縣,地區醫院,醫院評鑑合格（地區醫院）,非教學醫院,113,-,114/1/1-119/12/31,-,089-222995；089-330671,臺東縣臺東市更生路1000號、臺東縣台東市勝利街2號
0146010013,衛生福利部臺東醫院,臺東縣,地區醫院,醫院評鑑合格（地區醫院）,非教學醫院,112,-,113/1/1-118/12/31,-,089-324112,臺東縣臺東市五權街1號
0146020537,衛生福利部臺東醫院成功分院,臺東縣,地區醫院,醫院評鑑合格（地區醫院）,非教學醫院,114,-,115/1/1-120/12/31,-,089-854748,臺東縣成功鎮中山東路32號
1145010010,佛教慈濟醫療財團法人花蓮慈濟醫院,花蓮縣,醫學中心,醫院評鑑優等（醫學中心）,醫師及醫事人員類教學醫院評鑑合格（醫學中心）,113,113,114/1/1-119/12/31,114/1/1-119/12/31,03-8561825,花蓮縣花蓮市中央路三段707號
0545040515,國軍花蓮總醫院附設民眾診療服務處,花蓮縣,區域醫院,醫院評鑑合格（區域醫院）,醫事人員類（非醫師）教學醫院評鑑合格,112,112,113/1/1-118/12/31,113/1/1-118/12/31,03-8263151,花蓮縣新城鄉嘉里路163號
1145010038,臺灣基督教門諾會醫療財團法人門諾醫院,花蓮縣,區域醫院,醫院評鑑合格（區域醫院）,醫師及醫事人員類教學醫院評鑑合格,112,112,113/1/1-118/12/31,113/1/1-118/12/31,03-8241234,花蓮縣花蓮市民權路44號
1145030012,佛教慈濟醫療財團法人玉里慈濟醫院,花蓮縣,地區醫院,醫院評鑑合格（地區醫院）,非教學醫院,113,-,114/1/1-119/12/31,-,03-8882718,花蓮縣玉里鎮民權街1-1號
0645030011,臺北榮民總醫院玉里分院,花蓮縣,地區醫院,醫院評鑑合格（地區醫院）,非教學醫院,113,-,114/1/1-119/12/31,-,03-8883141,花蓮縣玉里鎮新興街91號
0645020015,臺北榮民總醫院鳳林分院,花蓮縣,地區醫院,醫院評鑑合格（地區醫院）,非教學醫院,112,-,113/1/1-118/12/31,-,03-8764539,花蓮縣鳳林鎮中正路一段2號
0145030020,衛生福利部玉里醫院,花蓮縣,地區醫院,醫院評鑑合格（地區醫院）,非教學醫院,108,-,109/1/1-115/12/31,-,03-8886141,花蓮縣玉里鎮中華路448號
0145010019,衛生福利部花蓮醫院,花蓮縣,地區醫院,醫院評鑑合格（地區醫院）,非教學醫院,112,-,113/1/1-118/12/31,-,03-8358141,花蓮縣花蓮市中正路600號
0145080011,衛生福利部花蓮醫院豐濱原住民分院,花蓮縣,地區醫院,醫院評鑑合格（地區醫院）,非教學醫院,108,-,109/1/1-115/12/31,-,03-8358141,花蓮縣豐濱鄉光豐路41號
1135050020,為恭醫療財團法人為恭紀念醫院及其東興院區,苗栗縣,區域醫院,醫院評鑑合格（區域醫院）,醫師及醫事人員類教學醫院評鑑合格,113,112,114/1/1-119/12/31,113/1/1-118/12/31,037-676811,苗栗縣頭份市信義路128號
0135010016,衛生福利部苗栗醫院,苗栗縣,區域醫院,醫院評鑑合格（區域醫院）,醫事人員類（非醫師）教學醫院評鑑合格,108,114,109/1/1-115/12/31,115/1/1-120/12/31,037-261920,苗栗縣苗栗市為公路747號
1535010024,協和醫院,苗栗縣,地區醫院,醫院評鑑合格（地區醫院）,非教學醫院,108,-,109/1/1-115/12/31,-,037-352631,苗栗縣苗栗市中正路1367號
1535010051,大千綜合醫院,苗栗縣,地區醫院,醫院評鑑合格（地區醫院）,醫師及醫事人員類教學醫院評鑑合格,114,112,115/1/1-120/12/31,113/1/1-118/12/31,037-357125,苗栗縣苗栗市大同路133號1至6樓、大同路133號1至4樓.信義路23號地下層（一）及1至7樓.
1535040086,大眾醫院,苗栗縣,地區醫院,醫院評鑑合格（地區醫院）,非教學醫院,112,-,113/1/1-118/12/31,-,037-551479,苗栗縣竹南鎮光復路304號
1535081078,大順醫院,苗栗縣,地區醫院,醫院評鑑合格（地區醫院）,非教學醫院,112,-,113/1/1-118/12/31,-,037-997666,苗栗縣大湖鄉明湖村13鄰中山路71號
1535040068,慈祐醫院,苗栗縣,地區醫院,醫院評鑑合格（地區醫院）,非教學醫院,113,-,114/1/1-119/12/31,-,037-7476589,苗栗縣竹南鎮民治街17號
0935020027,李綜合醫療社團法人苑裡李綜合醫院,苗栗縣,地區醫院,醫院評鑑合格（地區醫院）,醫事人員類（非醫師）教學醫院評鑑合格,113,112,114/1/1-119/12/31,113/1/1-118/12/31,037-862387,苗栗縣苑裡鎮和平路168號、苗栗縣苑裡鎮中華路137號
0935010012,梓榮醫療社團法人弘大醫院,苗栗縣,地區醫院,醫院評鑑合格（地區醫院）,非教學醫院,108,-,109/1/1-115/12/31,-,037-361188,苗栗縣苗栗市新東街125號
1435010013,財團法人台灣省私立桃園仁愛之家附設苗栗新生醫院,苗栗縣,地區醫院,醫院評鑑合格（地區醫院）,非教學醫院,113,-,114/1/1-119/12/31,-,037-320988,苗栗縣苗栗市維新里新東街117號
1535031041,通霄光田醫院,苗栗縣,地區醫院,醫院評鑑合格（地區醫院）,非教學醫院,113,-,114/1/1-119/12/31,-,037-759999,苗栗縣通霄鎮中山路88號
1535051178,重光醫院,苗栗縣,地區醫院,醫院評鑑合格（地區醫院）,非教學醫院,113,-,114/1/1-119/12/31,-,037-663030,苗栗縣頭份市中華路1037、1039、1041、1043號
0291010010,連江縣立醫院,連江縣,地區醫院,醫院評鑑合格（地區醫院）,非教學醫院,108,-,109/1/1-115/12/31,-,0836-23995,連江縣南竿鄉復興村217號
0190030516,衛生福利部金門醫院,金門縣,地區醫院,醫院評鑑合格（地區醫院）,非教學醫院,112,-,113/1/1-118/12/31,-,082-332546,金門縣金湖鎮復興路2號
1339060017,中國醫藥大學北港附設醫院,雲林縣,區域醫院,醫院評鑑合格（區域醫院）,醫師及醫事人員類教學醫院評鑑合格,108,113,109/1/1-115/12/31,114/1/1-119/12/31,05-7837901,雲林縣北港鎮新德路123號
0439010518,國立臺灣大學醫學院附設醫院雲林分院及其虎尾院區,雲林縣,區域醫院,醫院評鑑合格（區域醫院－準醫學中心）,醫師及醫事人員類教學醫院評鑑合格,113,113,114/1/1-119/12/31,114/1/1-119/12/31,05-5323911,雲林縣斗六市雲林路二段579號、雲林縣虎尾鎮廉使里學府路95號
1139010013,佛教慈濟醫療財團法人斗六慈濟醫院,雲林縣,地區醫院,醫院評鑑合格（地區醫院）,非教學醫院,108,-,109/1/1-115/12/31,-,05-5372000,雲林縣斗六市雲林路二段248號
1539060011,全生醫院,雲林縣,地區醫院,醫院評鑑合格（地區醫院）,非教學醫院,112,-,113/1/1-118/12/31,-,05-7832851,雲林縣北港鎮中正路100號
1539061072,北港仁一醫院,雲林縣,地區醫院,醫院評鑑合格（地區醫院）,非教學醫院,113,-,114/1/1-119/12/31,-,05-7827666,雲林縣北港鎮公園路155號
0439010527,國立成功大學醫學院附設醫院斗六分院,雲林縣,地區醫院,醫院評鑑合格（地區醫院）,醫師及醫事人員類教學醫院評鑑合格,113,108,114/1/1-119/12/31,109/1/1-115/12/31,05-533-2121,雲林縣斗六市莊敬路345號
1139020019,天主教中華道明修女會醫療財團法人天主教福安醫院,雲林縣,地區醫院,醫院評鑑合格（地區醫院）,非教學醫院,112,-,113/1/1-118/12/31,-,05-5952688,雲林縣斗南鎮北銘里文昌路110號
1139030015,天主教若瑟醫療財團法人若瑟醫院,雲林縣,地區醫院,醫院評鑑合格（地區醫院）,醫事人員類（非醫師）教學醫院評鑑合格,108,108,109/1/1-115/12/31,109/1/1-115/12/31,05-6337333,雲林縣虎尾鎮新生路74號(民權路2號)
1539010057,安生醫院,雲林縣,地區醫院,醫院評鑑合格（地區醫院）,非教學醫院,113,-,114/1/1-119/12/31,-,05-5353955,雲林縣斗六市仁愛里永樂街120號
1139040011,彰化基督教醫療財團法人雲林基督教醫院,雲林縣,地區醫院,醫院評鑑合格（地區醫院）,醫事人員類（非醫師）教學醫院評鑑合格,114,113,115/1/1-120/12/31,114/1/1-119/12/31,05-5871111,雲林縣西螺鎮新豐里市場南路371、375號
1539010048,洪揚醫院,雲林縣,地區醫院,醫院評鑑合格（地區醫院）,非教學醫院,108,-,109/1/1-115/12/31,-,05-5323039,雲林縣斗六市忠孝里文化路138號
1539061063,諸元內科醫院,雲林縣,地區醫院,醫院評鑑合格（地區醫院）,非教學醫院,113,-,114/1/1-119/12/31,-,05-7832068,雲林縣北港鎮中和里中山路125號
1139130010,長庚醫療財團法人雲林長庚紀念醫院,雲林縣,地區醫院,醫院評鑑合格（地區醫院）,醫師及醫事人員類教學醫院評鑑合格,114,114,115/1/1-120/12/31,115/1/1-120/12/31,05-6915151,雲林縣麥寮鄉中興村工業路1500號
1142120001,義大醫療財團法人義大醫院,高雄市,醫學中心,醫院評鑑優等（醫學中心）,醫師及醫事人員類教學醫院評鑑合格（醫學中心）,113,113,114/1/1-119/12/31,114/1/1-119/12/31,07-6150011,高雄市燕巢區角宿里義大路1號
1302050014,財團法人私立高雄醫學大學附設中和紀念醫院,高雄市,醫學中心,醫院評鑑優等（醫學中心）,醫師及醫事人員類教學醫院評鑑合格（醫學中心）,113,113,114/1/1-119/12/31,114/1/1-119/12/31,07-3121101,高雄市三民區十全一路100號及新興區中山一路36號
1142100017,長庚醫療財團法人高雄長庚紀念醫院,高雄市,醫學中心,醫院評鑑優等（醫學中心）,醫師及醫事人員類教學醫院評鑑合格（醫學中心）,113,113,114/1/1-119/12/31,114/1/1-119/12/31,07-7317123,高雄市鳥松區大埤路123號
0602030026,高雄榮民總醫院,高雄市,醫學中心,醫院評鑑優等（醫學中心）,醫師及醫事人員類教學醫院評鑑合格（醫學中心）,113,113,114/1/1-119/12/31,114/1/1-119/12/31,07-3422121,高雄市左營區大中一路386號
0502030015,國軍左營總醫院附設民眾診療服務處,高雄市,區域醫院,醫院評鑑合格（區域醫院）,醫師及醫事人員類教學醫院評鑑合格,108,113,109/1/1-115/12/31,114/1/1-119/12/31,07-5817121,高雄市左營區軍校路553號
0502080015,國軍高雄總醫院附設民眾診療服務處,高雄市,區域醫院,醫院評鑑合格（區域醫院）,醫師及醫事人員類教學醫院評鑑合格,113,112,114/1/1-119/12/31,113/1/1-118/12/31,07-7496751,高雄市苓雅區建軍路5號
1107120017,義大醫療財團法人義大癌治療醫院,高雄市,區域醫院,醫院評鑑合格（區域醫院）,醫師及醫事人員類教學醫院評鑑合格,112,112,113/1/1-118/12/31,113/1/1-118/12/31,07-6150022,高雄市燕巢區角宿里義大路21號B2-10F
0142030019,衛生福利部旗山醫院,高雄市,區域醫院,醫院評鑑合格（區域醫院）,醫事人員類（非醫師）教學醫院評鑑合格,114,114,115/1/1-120/12/31,115/1/1-120/12/31,07-6613811,高雄市旗山區中學路60號
0902080013,阮綜合醫療社團法人阮綜合醫院,高雄市,區域醫院,醫院評鑑合格（區域醫院）,醫師及醫事人員類教學醫院評鑑合格,114,112,115/1/1-120/12/31,113/1/1-118/12/31,07-3351121,高雄市苓雅區成功一路156號1-3樓及162號B1-10樓.四維四路136號B4-12樓.166號B2-13樓.永昌街49號16樓
0107340027,高雄市立大同醫院,高雄市,區域醫院,醫院評鑑合格（區域醫院）,醫師及醫事人員類教學醫院評鑑合格,114,114,115/1/1-120/12/31,115/1/1-120/12/31,07-2911101,高雄市前金區中華三路68號
1102110011,高雄市立小港醫院（委託財團法人私立高雄醫學大學經營）,高雄市,區域醫院,醫院評鑑合格（區域醫院）,醫師及醫事人員類教學醫院評鑑合格,114,114,115/1/1-120/12/31,115/1/1-120/12/31,07- 8036783,高雄市小港區山明里山明路482號B1-10樓
0102020011,高雄市立聯合醫院,高雄市,區域醫院,醫院評鑑合格（區域醫院）,醫師及醫事人員類教學醫院評鑑合格,113,112,114/1/1-119/12/31,113/1/1-118/12/31,07-5552565,高雄市鼓山區中華一路976號
1507330011,七賢脊椎外科醫院,高雄市,地區醫院,醫院評鑑合格（地區醫院）,非教學醫院,108,-,109/1/1-115/12/31,-,07-2385878,高雄市新興區七賢一路420號B1-8樓
1542040050,三聖醫院,高雄市,地區醫院,醫院評鑑合格（地區醫院）,非教學醫院,112,-,113/1/1-118/12/31,-,07-6818495,高雄市美濃區合和里合和路56號及58號，成功路182-2號
1507340062,中正脊椎骨科醫院,高雄市,地區醫院,醫院評鑑合格（地區醫院）,非教學醫院,114,-,115/1/1-120/12/31,-,07-2855999,高雄市前金區中正四路99號1樓及100號地下1樓至地上13樓
1202080029,信義醫療財團法人高雄基督教醫院,高雄市,地區醫院,醫院評鑑合格（地區醫院）,非教學醫院,113,-,114/1/1-119/12/31,-,07-3321111,高雄市苓雅區華新街86號
1502040021,健仁醫院,高雄市,地區醫院,醫院評鑑合格（地區醫院）,醫事人員類（非醫師）教學醫院評鑑合格,113,112,114/1/1-119/12/31,113/1/1-118/12/31,07-3517166,高雄市楠梓區楠陽路136號、朝明路130巷7弄1號1-5樓
1502070118,健新醫院,高雄市,地區醫院,醫院評鑑合格（地區醫院）,非教學醫院,108,-,109/1/1-115/12/31,-,07-2613866,高雄市前金區七賢二路295號B1至7樓、297號1樓
1542020067,光雄長安醫院,高雄市,地區醫院,醫院評鑑合格（地區醫院）,非教學醫院,112,-,113/1/1-118/12/31,-,07-6219156,高雄市岡山區岡山路380－1號，378號，376號Ｂ1－7樓
1542020058,劉嘉修醫院,高雄市,地區醫院,醫院評鑑合格（地區醫院）,非教學醫院,112,-,113/1/1-118/12/31,-,07-6222836,"高雄市岡山區岡山路428號1,2,3,6樓及426號1,2,3樓"
1507300022,博愛蕙馨醫院,高雄市,地區醫院,醫院評鑑合格（地區醫院）,非教學醫院,112,-,113/1/1-118/12/31,-,07-8628880,高雄市左營區博愛二路20號1-7樓
1507300077,博田國際醫院,高雄市,地區醫院,醫院評鑑合格（地區醫院）,非教學醫院,112,-,113/1/1-118/12/31,-,07-5562217,高雄市左營區博愛二路100號
1502060112,原祿骨科醫院,高雄市,地區醫院,醫院評鑑合格（地區醫院）,非教學醫院,108,-,109/1/1-115/12/31,-,07-2371013,高雄市新興區中正三路52號
1502041117,右昌聯合醫院,高雄市,地區醫院,醫院評鑑合格（地區醫院）,非教學醫院,113,-,114/1/1-119/12/31,-,07-3643388,高雄市楠梓區軍校路930號B1-11F
1502090209,吳昆哲婦產小兒科醫院,高雄市,地區醫院,醫院評鑑合格（地區醫院）,非教學醫院,113,-,114/1/1-119/12/31,-,07-3319611,高雄市前鎮區民權二路430號
1502051426,四季台安醫院,高雄市,地區醫院,醫院評鑑合格（地區醫院）,非教學醫院,113,-,114/1/1-119/12/31,-,07-3983000,高雄市三民區聯興路157號(地下1樓至6樓)、高雄市三民區聯興路145巷1號1-3樓
0542020011,國軍左營總醫院岡山分院附設民眾診療服務處,高雄市,地區醫院,醫院評鑑合格（地區醫院）,非教學醫院,112,-,113/1/1-118/12/31,-,07-6250919,高雄市岡山區大義二路1號
1107350015,天主教聖功醫療財團法人聖功醫院,高雄市,地區醫院,醫院評鑑合格（地區醫院）,醫師及醫事人員類教學醫院評鑑合格,112,113,113/1/1-118/12/31,114/1/1-119/12/31,07-2238153,高雄市苓雅區建國一路352號
1502110064,安泰醫院,高雄市,地區醫院,醫院評鑑合格（地區醫院）,非教學醫院,108,-,109/1/1-115/12/31,-,07-8017856,高雄市小港區學府路111號
1542050056,建佑醫院,高雄市,地區醫院,醫院評鑑合格（地區醫院）,非教學醫院,114,-,115/1/1-120/12/31,-,07-6347901,高雄市林園區東林西路358號B1-6樓、360號B1-6樓、362號B1-6樓、364巷10號B1-6樓、399
1502050045,德謙醫院,高雄市,地區醫院,醫院評鑑合格（地區醫院）,非教學醫院,112,-,113/1/1-118/12/31,-,07-3210981,高雄市三民區九如二路18號地下1樓至6樓
1542021171,惠川醫院,高雄市,地區醫院,醫院評鑑合格（地區醫院）,非教學醫院,112,-,113/1/1-118/12/31,-,07-6229292,高雄市岡山區岡山路92號
1542011237,惠德醫院,高雄市,地區醫院,醫院評鑑合格（地區醫院）,非教學醫院,112,-,113/1/1-118/12/31,-,07-8126000,高雄市鳳山區福祥街81號同號2樓
1502111089,戴銘浚醫院,高雄市,地區醫院,醫院評鑑合格（地區醫院）,非教學醫院,113,-,114/1/1-119/12/31,-,07-8061289,高雄市小港區宏平路正苓里661號1至7樓
1502050296,文雄醫院,高雄市,地區醫院,醫院評鑑合格（地區醫院）,非教學醫院,112,-,113/1/1-118/12/31,-,07-3165275,高雄市三民區察哈爾二街132號地下1層地上1至4層
1542011246,新上琳醫院,高雄市,地區醫院,醫院評鑑合格（地區醫院）,非教學醫院,114,-,115/1/1-120/12/31,-,07-7104397,高雄市鳳山區自由路81號1-6樓
1507360028,新正薪醫院,高雄市,地區醫院,醫院評鑑合格（地區醫院）,非教學醫院,112,-,113/1/1-118/12/31,-,07-9705335,高雄市前鎮區一心一路233號1-4樓
1502061208,新華醫院,高雄市,地區醫院,醫院評鑑合格（地區醫院）,非教學醫院,113,-,114/1/1-119/12/31,-,07-2876080,高雄市新興區七賢二路97號地上1至4層
1507320015,新高醫院,高雄市,地區醫院,醫院評鑑合格（地區醫院）,非教學醫院,112,-,113/1/1-118/12/31,-,07-3828814,高雄市三民區莊敬路288號1-9樓
1507010014,新高鳳醫院,高雄市,地區醫院,醫院評鑑合格（地區醫院）,非教學醫院,114,-,115/1/1-120/12/31,-,07-7472320,高雄市鳳山區光遠路360號1-7樓
1542011282,杏和醫院,高雄市,地區醫院,醫院評鑑合格（地區醫院）,非教學醫院,108,-,109/1/1-115/12/31,-,07-7613111,高雄市鳳山區五甲二路385號、387號、389號、391號B1-9樓、470號1樓
1502031102,柏仁醫院,高雄市,地區醫院,醫院評鑑合格（地區醫院）,非教學醫院,113,-,114/1/1-119/12/31,-,07-5508888,高雄市左營區博愛二路350號地下1樓至地上1-5樓、340號1樓、326號1樓
1542061077,樂生婦幼醫院,高雄市,地區醫院,醫院評鑑合格（地區醫院）,非教學醫院,108,-,109/1/1-115/12/31,-,07-7862688,高雄市大寮區鳳林三路532號
1502020065,正大醫院,高雄市,地區醫院,醫院評鑑合格（地區醫院）,非教學醫院,112,-,113/1/1-118/12/31,-,07-5823989,高雄市鼓山區鼓山三路128號之9、葆禎路263、265號1-3樓
1542030116,溪洲醫院,高雄市,地區醫院,醫院評鑑合格（地區醫院）,非教學醫院,113,-,114/1/1-119/12/31,-,07-6621985,高雄市旗山區延平一路412號、408號
1542150033,溫賀睿和醫院,高雄市,地區醫院,醫院評鑑合格（地區醫院）,非教學醫院,114,-,115/1/1-120/12/31,-,07-6965136,高雄市路竹區延平路57號地上1樓至地上5樓
1507010023,澄清國際眼科醫院,高雄市,地區醫院,醫院評鑑合格（地區醫院）,非教學醫院,112,-,113/1/1-118/12/31,-,07-7156325,高雄市鳳山區五甲二路398號
1542061148,瑞生醫院,高雄市,地區醫院,醫院評鑑合格（地區醫院）,非教學醫院,112,-,113/1/1-118/12/31,-,07-7835175,高雄市大寮區鳳林四路192號
1507360019,瑞祥醫院,高雄市,地區醫院,醫院評鑑合格（地區醫院）,非教學醫院,112,-,113/1/1-118/12/31,-,07-7717503,高雄市前鎮區班超路92號1-7樓
1507290012,生安婦產小兒科醫院,高雄市,地區醫院,醫院評鑑合格（地區醫院）,非教學醫院,108,-,109/1/1-115/12/31,-,07-5223138,高雄市鼓山區美術東二路177號B2-11樓
1502050170,祐生醫院,高雄市,地區醫院,醫院評鑑合格（地區醫院）,非教學醫院,112,-,113/1/1-118/12/31,-,07-2866688,高雄市三民區建國三路60號
0907150029,秀傳醫療社團法人高雄秀傳紀念醫院,高雄市,地區醫院,醫院評鑑合格（地區醫院）,非教學醫院,114,-,115/1/1-120/12/31,-,07-6956666,高雄市路竹區北嶺六路100號地下1樓、地上1-3、5-9樓
1507300059,維馨乳房外科醫院,高雄市,地區醫院,醫院評鑑合格（地區醫院）,非教學醫院,112,-,113/1/1-118/12/31,-,07-5578188,高雄市左營區立信路246號
1107320017,義大醫療財團法人義大大昌醫院,高雄市,地區醫院,醫院評鑑合格（地區醫院）,非教學醫院,113,-,114/1/1-119/12/31,-,07-5599123,高雄市三民區大昌一路305號地下3樓至7樓、307號1樓、309號地下1樓至6樓、311號地下1樓至1樓
1502051337,謝外科醫院,高雄市,地區醫院,醫院評鑑合格（地區醫院）,非教學醫院,112,-,113/1/1-118/12/31,-,07-2360121,高雄市三民區河北一路330號
1307020025,財團法人私立高雄醫學大學附設高醫岡山醫院,高雄市,地區醫院,醫院評鑑合格（地區醫院）,醫師及醫事人員類教學醫院評鑑合格,114,114,115/1/1-120/12/31,115/1/1-120/12/31,07-6261000,高雄市岡山區捷安路8號地下3樓至6樓、8樓及10樓
1507340053,重仁骨科醫院,高雄市,地區醫院,醫院評鑑合格（地區醫院）,非教學醫院,112,-,113/1/1-118/12/31,-,07-2813136,高雄市前金區中華三路247號1至6樓
1542030018,重安醫院,高雄市,地區醫院,醫院評鑑合格（地區醫院）,非教學醫院,112,-,113/1/1-118/12/31,-,07-6618471,高雄市旗山區大仁街14、16、18、20、22、24、26號
1507310019,金安心醫院,高雄市,地區醫院,醫院評鑑合格（地區醫院）,非教學醫院,113,-,114/1/1-119/12/31,-,07-3649890,高雄市楠梓區加昌路606號1-4樓
1507300068,鈞安婦幼聯合醫院,高雄市,地區醫院,醫院評鑑合格（地區醫院）,非教學醫院,112,-,113/1/1-118/12/31,-,07-3480088,高雄市左營區華夏路609號地下1層至地上6層
1502041108,長春醫院,高雄市,地區醫院,醫院評鑑合格（地區醫院）,非教學醫院,108,-,109/1/1-115/12/31,-,07-3612995,高雄市楠梓區右昌街331號1-5樓
1542051151,霖園醫院,高雄市,地區醫院,醫院評鑑合格（地區醫院）,非教學醫院,108,-,109/1/1-115/12/31,-,07-6413399,高雄市林園區林園北路244號
1502031095,馨蕙馨醫院,高雄市,地區醫院,醫院評鑑合格（地區醫院）,非教學醫院,108,-,109/1/1-115/12/31,-,07-5586080,高雄市左營區明誠二路541號
1507310037,高大美杏生醫院,高雄市,地區醫院,醫院評鑑合格（地區醫院）,非教學醫院,112,-,113/1/1-118/12/31,-,07-3658885,高雄市楠梓區大學東路1號1-3樓
1542150042,高新醫院,高雄市,地區醫院,醫院評鑑合格（地區醫院）,非教學醫院,112,-,113/1/1-118/12/31,-,07-6975903,高雄市路竹區中山路627號
1507290021,高禾醫院,高雄市,地區醫院,醫院評鑑合格（地區醫院）,非教學醫院,111,-,112/1/1-115/12/31,-,07-3949938,高雄市鼓山區博愛一路460號B1-5F
0942020019,高雄市立岡山醫院（委託秀傳醫療社團法人經營）,高雄市,地區醫院,醫院評鑑合格（地區醫院）,非教學醫院,112,-,113/1/1-118/12/31,-,07-6222131,高雄市岡山區壽天路12號
1307370011,高雄市立旗津醫院（委託財團法人私立高雄醫學大學經營）,高雄市,地區醫院,醫院評鑑合格（地區醫院）,非教學醫院,108,-,109/1/1-115/12/31,-,07-5711188,高雄市旗津區旗港路33號B1-4樓
0102080017,高雄市立民生醫院,高雄市,地區醫院,醫院評鑑合格（地區醫院）,醫事人員類（非醫師）教學醫院評鑑合格,113,113,114/1/1-119/12/31,114/1/1-119/12/31,07-7511131,高雄市苓雅區凱旋二路134號及132號5樓
1142010518,高雄市立鳳山醫院（委託長庚醫療財團法人經營）,高雄市,地區醫院,醫院評鑑合格（地區醫院）,醫師及醫事人員類教學醫院評鑑合格,112,112,113/1/1-118/12/31,113/1/1-118/12/31,07-7418151,高雄市鳳山區經武路42號、42－1號
